programme_id,programme,current_industry,final_industry,core_industry,status,confidence,review_needed,final_mechanisms,final_benefits,coding_basis,review_reasons,apply_industry,apply_coding
da4b663c-29d7-42c8-b098-4a89b5b20967,Capital Club Dubai,Food & Beverage,Food & Beverage,Yes,Needs review,Medium,Yes,Paid Subscription,Experiential Exclusivity; Community & Networking; Partner Benefits,"Official page (pass 1, Medium)","Pass-1 flag: Hub says access = Invitation only, the page says pre-qualification form: Invite not coded. || Industry: Business members club; kept in F&B only because nothing better fits. Alternative Leisure & Entertainment.",N,N
42fb7b8d-5d21-4aa3-b1b7-568a0ac79393,Chipotle Rewards,Food & Beverage,Food & Beverage,Yes,Insufficient evidence,Low,Yes,Accumulated by Spending (redeemable for spending); Referral,,Rule-derived from legacy data (provisional),No legacy benefit data,Y,N
c9556c0f-449d-41e0-96d7-53092c1b64b2,Club Pret,Retail,Food & Beverage,Yes,Insufficient evidence,Low,Yes,Paid Subscription,,Rule-derived from legacy data (provisional),No legacy benefit data,Y,N
d8466038-e1ed-4300-aaee-76e9853b2e0c,Costa Club Coffee,Retail,Food & Beverage,Yes,Insufficient evidence,Low,Yes,Accumulated by Spending (redeemable for spending),,Rule-derived from legacy data (provisional),No legacy benefit data,Y,N
2b1bff05-ce20-48cb-8cc7-a0eb386b5def,Dunkin' Rewards,Food & Beverage,Food & Beverage,Yes,Insufficient evidence,Low,Yes,Accumulated by Spending (redeemable for spending),,Rule-derived from legacy data (provisional),No legacy benefit data,Y,N
9e6afdc7-647c-449b-a3aa-c6aa0c2005ae,Gourmet Escapes Privilege Club,Food & Beverage,Food & Beverage,Yes,Insufficient evidence,Low,Yes,Paid Subscription,Cashback / Direct Discounts / Coupons; Partner Benefits,Rule-derived from legacy data (provisional),No legacy benefit data || Industry: Dining-deals platform rather than a venue; kept F&B (food-service).,N,N
97d700c9-8cf3-4348-a12f-5c698f5f2b24,IHOP Rewards,Food & Beverage,Food & Beverage,Yes,Insufficient evidence,Low,Yes,Accumulated by Spending (redeemable for spending),Cashback / Direct Discounts / Coupons,Rule-derived from legacy data (provisional),No legacy benefit data,Y,N
b8f54547-6777-4538-9b5a-727f3b668795,JNcQUOI Club,Food & Beverage,Food & Beverage,Yes,Insufficient evidence,Low,Yes,Paid Subscription,Cashback / Direct Discounts / Coupons; Experiential Exclusivity,Rule-derived from legacy data (provisional) ; page check failed: THIN,Pass 1 could not read the page (THIN): Is 'recommended by existing members' the Invite mechanism? (codebook question 3) || No legacy benefit data,Y,N
531172aa-20eb-4b7e-bfd4-5afc54ecfbf1,KFC Rewards,Food & Beverage,Food & Beverage,Yes,Insufficient evidence,Low,Yes,Accumulated by Spending (redeemable for spending),Cashback / Direct Discounts / Coupons,Rule-derived from legacy data (provisional),No legacy benefit data,Y,N
fc0dd897-9f42-4021-95e6-e84edf797538,MyMcDonald's,Food & Beverage,Food & Beverage,Yes,Insufficient evidence,Low,Yes,Accumulated by Spending (redeemable for spending),,Rule-derived from legacy data (provisional),No legacy benefit data,Y,N
4e109b16-2995-4f2c-a046-b9ae74b789ea,Nando's Rewards,Food & Beverage,Food & Beverage,Yes,Needs review,Medium,Yes,"Create Account (e.g. Card, App, automatic, etc); Do X, Get Y",Upgrades & Complimentary Offers,"Official page (pass 1, Medium)","Pass-1 flag: Hub v3 says 'Spend-based earning': it is a threshold-based stamp scheme (Do X, Get Y) with a daily spend condition, not a points-per-euro scheme.",Y,N
fea78e29-0f79-4d81-aa6b-ccb380187d42,"Neera (Al Habtoor City, Dubai)",Food & Beverage,Food & Beverage,Yes,Needs review,Medium,Yes,Invite; Paid Subscription,Partner Benefits; Service Exclusivity & Priority Access; Experiential Exclusivity,"Official page (pass 1, Medium)",Pass-1 flag: Is 'By Invitation' the Invite mechanism or just exclusivity wording? || Industry: Private members club (dining/lounge). Alternative Nightlife.,N,N
fcd15eb0-2cce-4d64-afba-1c74bbfb1f03,Panera (MyPanera),Food & Beverage,Food & Beverage,Yes,Insufficient evidence,Low,Yes,Accumulated by Spending (redeemable for spending),,Rule-derived from legacy data (provisional),No legacy benefit data,Y,N
240d571e-3a68-4e9b-bda1-558fe3112e39,Poke House Squad,Food & Beverage,Food & Beverage,Yes,Needs review,Low,Yes,Accumulated by Spending (redeemable for spending),Personalisation,Rule-derived from legacy data (provisional),,Y,N
c9dd4896-d58d-4276-9cba-dea02b7254d3,Red Royalty,Food & Beverage,Food & Beverage,Yes,Needs review,Low,Yes,Accumulated by Spending (redeemable for spending),Cashback / Direct Discounts / Coupons,Rule-derived from legacy data (provisional),,Y,N
600f4fb8-74b9-4c87-8e10-7d721d225635,Starbucks Reward,Food & Beverage,Food & Beverage,Yes,Needs review,Medium,Yes,"Accumulated by Spending (redeemable for spending); Create Account (e.g. Card, App, automatic, etc); Spending at Brand/Partners - Temporary",Personalisation; Personalised Gifts,Team coding (Excel),Excel coding differs from page-based pass 1. Mechanisms page-only: [] Excel-only: []. Benefits page-only: [Cashback / Direct Discounts / Coupons; Early Access] Excel-only: [],Y,N
9200aee2-84f3-49e4-9d6e-1945ebc762a4,Taco Bell Rewards,Food & Beverage,Food & Beverage,Yes,Insufficient evidence,Low,Yes,Accumulated by Spending (redeemable for spending),,Rule-derived from legacy data (provisional),No legacy benefit data,Y,N
cd40a05a-c897-4baa-8e64-a83339c08bc6,The Supper Club,Food & Beverage,Food & Beverage,Yes,Insufficient evidence,Low,Yes,Paid Subscription,Community & Networking; Experiential Exclusivity,Rule-derived from legacy data (provisional) ; page check failed: WRONG PAGE,Pass 1 could not read the page (WRONG PAGE): DATA ERROR: check the programme name vs URL. || No legacy benefit data || Industry: Pass 1: URL/name mismatch (data error). Verify what this programme is.,N,N
b7345b43-f850-4673-ae37-02fc5410a6a5,Zomato Gold,Food & Beverage,Food & Beverage,Yes,Insufficient evidence,Low,Yes,Paid Subscription,Cashback / Direct Discounts / Coupons,Rule-derived from legacy data (provisional),No legacy benefit data || Industry: Dining-deals platform rather than a venue; kept F&B (food-service).,N,N
4de56ddc-6c77-4d7e-82d3-055933695930,Access by Troon,Golf,Golf,Yes,Ready,High,No,"Paid Subscription; Create Account (e.g. Card, App, automatic, etc); Accumulated by Spending (redeemable for spending)",Cashback / Direct Discounts / Coupons; Early Access; Experiential Exclusivity; Social / Transferable Benefits; Flexibility & Credit,"Official page (pass 1, High)",Pass-1 flag: Hub also lists free points tiers (Silver/Gold/Platinum); the page shows the paid tiers. Hybrid programme.,Y,Y
0271c88b-177c-44ac-aa2b-dbd164b764d3,Amendoeira Golf Resort Membership,Golf,Golf,Yes,Needs review,Medium,Yes,Paid Subscription,Service Exclusivity & Priority Access; Cashback / Direct Discounts / Coupons,"Official page (pass 1, Medium)",,Y,N
0567926d-f811-46e6-a91a-3a0952f7aacd,Carte Fidélité Golf,Golf,Golf,Yes,Needs review,Medium,Yes,Paid Subscription,Upgrades & Complimentary Offers,Team coding (Excel),Excel coding differs from page-based pass 1. Mechanisms page-only: [Accumulated by Spending (redeemable for spending)] Excel-only: []. Benefits page-only: [Cashback / Direct Discounts / Coupons; Partner Benefits] Excel-only: [Upgrades & Complimentary Offers],Y,N
e8dda43e-1b9c-4a84-bbc1-9db472dffe2e,Eligo Club,Golf,Golf,Yes,Insufficient evidence,Low,Yes,Paid Subscription,Community & Networking; Experiential Exclusivity; Partner Benefits,Rule-derived from legacy data (provisional) ; page check failed: OK (thin),Pass 1 could not read the page (OK (thin)): Reciprocal network: same shape as Troon Privé / PlatinumClubNet. || No legacy benefit data,Y,N
a2d31294-6366-4efc-ae4f-f83737f76200,GSV Coaching Packages,Golf,Golf,Yes,Insufficient evidence,Low,Yes,Paid Subscription,Cashback / Direct Discounts / Coupons; Personalisation,Rule-derived from legacy data (provisional) ; page check failed: NOT A LOYALTY PROGRAMME,"Pass 1 could not read the page (NOT A LOYALTY PROGRAMME): Exclusion candidate: a product price list, not a membership/loyalty scheme. || Removal candidate: Pass 1: product price list, not a membership/loyalty scheme.",Y,N
71fcf3ae-15d1-4220-b95d-d4dc3bf5b630,GolfPass,Golf,Golf,Yes,Ready,High,No,Paid Subscription,Upgrades & Complimentary Offers,Team coding (Excel),,Y,Y
f9d1131c-b2ff-4887-a1d5-5ae9eccc1b27,KemperCollection,Golf,Golf,Yes,Insufficient evidence,Low,Yes,Paid Subscription,Cashback / Direct Discounts / Coupons,Rule-derived from legacy data (provisional) ; page check failed: OK (thin),Pass 1 could not read the page (OK (thin)): Same shape as Troon Privé and PlatinumClubNet: access through a club membership. || No legacy benefit data,Y,N
155c6e83-9818-4f8b-a574-cca87e048697,Les Bordes Golf Club,Golf,Golf,Yes,Needs review,Medium,Yes,Invite,,"Official page (pass 1, Medium)","Pass-1 flag: Estate residence owners are classed as Overseas members: possible Access by Ownership, not confirmed.",Y,N
a64fee5e-6cbc-4dae-b7ba-8749aba34505,Monte Rei Golf & Country Club,Golf,Golf,Yes,Insufficient evidence,Low,Yes,Paid Subscription,Community & Networking; Experiential Exclusivity,Rule-derived from legacy data (provisional) ; page check failed: NO MEMBERSHIP INFO,Pass 1 could not read the page (NO MEMBERSHIP INFO): Find the membership page. || No legacy benefit data || Removal candidate: Pass 1: no membership information found (keep unless none exists).,Y,N
f9b2f7fe-238b-4a03-98e0-966bd386c18b,Pestana Golf Membership,Golf,Golf,Yes,Needs review,Medium,Yes,Paid Subscription,Social / Transferable Benefits; Cashback / Direct Discounts / Coupons; Early Access,"Official page (pass 1, Medium)",Pass-1 flag: Own-group discounts (Pestana hotels) have no clear benefit slot (codebook question 2). Fee confirmed only by Hub data.,Y,N
2bd2cd76-9fd6-4e92-8415-fdf5e692d4ff,PlatinumClubNet,Golf,Golf,Yes,Needs review,Medium,Yes,,Partner Benefits; Service Exclusivity & Priority Access; AI-Powered Benefits; Community & Networking; Experiential Exclusivity,"Official page (pass 1, Medium)",Pass-1 flag: Access through belonging to a member club is not 'ownership of an asset': Access by Ownership not coded; decide.,Y,N
a3a00aee-da77-4191-8a1b-7fefc1c443da,Porsche Golf Circle,Golf,Golf,Yes,Needs review,Low,Yes,,Community & Networking; Experiential Exclusivity; Personalisation,Rule-derived from legacy data (provisional),Industry: Golf-specific programme but sponsored by an automaker (Automotive is the alternative). One industry only: decide.,N,N
ba80d026-c4f2-42a6-80da-8d05c8737f2a,Queenwood Golf Club,Golf,Golf,Yes,Insufficient evidence,Low,Yes,Paid Subscription,Community & Networking; Experiential Exclusivity,Rule-derived from legacy data (provisional) ; page check failed: NO OFFICIAL SOURCE,Pass 1 could not read the page (NO OFFICIAL SOURCE): Replace the source with the club's own page. || No legacy benefit data,Y,N
eb23353d-f1f2-4d01-8a4a-73d53f890ee5,Top 100 Golf Courses,Golf,Golf,Yes,Insufficient evidence,Low,Yes,Paid Subscription,Community & Networking; Experiential Exclusivity; Partner Benefits,Rule-derived from legacy data (provisional),No legacy benefit data || Industry: Golf-specific membership (ranked-course access club); no venue of its own. Confirm it is Golf.,N,N
8df36c63-44ef-47fc-b217-e864e085cf94,Topgolf Memberships,Golf,Golf,Yes,Insufficient evidence,Low,Yes,Paid Subscription,Cashback / Direct Discounts / Coupons,Rule-derived from legacy data (provisional) ; page check failed: THIN (landing page),Pass 1 could not read the page (THIN (landing page)): Needs a venue-specific membership page. || No legacy benefit data || Industry: Golf-entertainment venue; alternative Leisure & Entertainment.,N,N
b4e8c046-7775-417a-b31a-d6706642aa73,Troon Privé (Private Club Golf),Golf,Golf,Yes,Insufficient evidence,Low,Yes,Paid Subscription,Cashback / Direct Discounts / Coupons; Partner Benefits,Rule-derived from legacy data (provisional) ; page check failed: OK (partial),Pass 1 could not read the page (OK (partial)): Reciprocal play inside the owner's own portfolio. || No legacy benefit data,Y,N
f140f4ff-73aa-4502-89cf-0137e51305f8,Vale do Lobo Golf Club Membership,Golf,Golf,Yes,Insufficient evidence,Low,Yes,Paid Subscription,Cashback / Direct Discounts / Coupons,Rule-derived from legacy data (provisional) ; page check failed: UNREADABLE PDF,Pass 1 could not read the page (UNREADABLE PDF): Open the PDF manually. 'Non-Resident' fee suggests a resident category: possible Access by Ownership discount. || No legacy benefit data,Y,N
b3f9e3cd-c65f-4ae6-94e1-6ca54c1e3614,Vilamoura Golf Membership,Golf,Golf,Yes,Ready,High,No,Paid Subscription,Early Access; Cashback / Direct Discounts / Coupons; Social / Transferable Benefits,"Official page (pass 1, High)",Pass-1 flag: Update source_url to /en/memberships/. 'Couple' plan priced but no family benefit stated.,Y,Y
80d75e81-ff7b-4aa5-8285-8c605ef4aaaa,ALL Accor,Hotels & Hospitality,Hotels,Yes,Needs review,Medium,Yes,"Create Account (e.g. Card, App, automatic, etc); Accumulated by Spending (redeemable for spending); Spending at Brand/Partners - Temporary",Cashback / Direct Discounts / Coupons; Points Inflation,"Official page (pass 1, Medium)",Pass-1 flag: Tier criteria taken from Hub (points); verify reset period.,Y,N
06f428aa-604f-4e6c-9d3f-1271d9e7b7b1,Best Western Rewards,Hotels & Hospitality,Hotels,Yes,Insufficient evidence,Low,Yes,Accumulated by Spending (redeemable for spending),Partner Benefits,Rule-derived from legacy data (provisional) ; page check failed: BLOCKED (403),Pass 1 could not read the page (BLOCKED (403)): Code manually. || No legacy benefit data,Y,N
c4acea3f-e5ef-454d-bca2-20239ed9eac3,Choice Privileges,Hotels & Hospitality,Hotels,Yes,Insufficient evidence,Low,Yes,Accumulated by Spending (redeemable for spending),Partner Benefits,Rule-derived from legacy data (provisional) ; page check failed: TIMEOUT,Pass 1 could not read the page (TIMEOUT): Retry or code manually. || No legacy benefit data,Y,N
899953fc-fa06-4e69-be93-48b3b83f4f1c,Clube de Fidelização,Hotels & Hospitality,Hotels,Yes,Ready,High,No,"Create Account (e.g. Card, App, automatic, etc); Spending at Brand/Partners - Temporary",Cashback / Direct Discounts / Coupons; Service Exclusivity & Priority Access; Convenience Benefits; Upgrades & Complimentary Offers,"Official page (pass 1, High)",Pass-1 flag: Vila Galé (Portugal): useful local benchmark.,Y,Y
e3f1ea09-c7bf-4ba4-9cf2-9da3e722e25d,Disney Vacation Club,Hotels & Hospitality,Hotels,Yes,Needs review,High,Yes,Access by Ownership,Experiential Exclusivity; Cashback / Direct Discounts / Coupons; Flexibility & Credit; Partner Benefits,"Official page (pass 1, High)","Pass-1 flag: Clear Access by Ownership case (timeshare-type). || Industry: Timeshare/vacation ownership, accommodation-led; clear Access-by-Ownership case.",N,N
c1af95d5-8f3e-4779-ac67-3b2873a112df,GHA DISCOVERY,Hotels & Hospitality,Hotels,Yes,Needs review,Medium,Yes,"Create Account (e.g. Card, App, automatic, etc); Accumulated by Spending (redeemable for spending); Spending at Brand/Partners - Temporary","Cashback / Direct Discounts / Coupons; Upgrades & Complimentary Offers; Partner Benefits; Sweepstakes, Contests & Prize Draws","Official page (pass 1, Medium)","Pass-1 flag: Scavenger-hunt style contest coded as Sweepstakes, not Missions: check.",Y,N
54fd095b-3892-47d2-963e-a588de504331,GoTo Pass,Hotels & Hospitality,Hotels,Yes,Ready,High,No,"Create Account (e.g. Card, App, automatic, etc); Spending at Brand/Partners - Temporary; Accumulated by Spending (redeemable for spending)",Cashback / Direct Discounts / Coupons; Convenience Benefits; Points Inflation,"Official page (pass 1, High)",Pass-1 flag: Registration only for residents of Japan.,Y,Y
81edf2ae-6e3d-49bf-9e1c-f126641b62ae,Hilton Honors,Hotels & Hospitality,Hotels,Yes,Ready,High,No,"Accumulated by Spending (redeemable for spending); Create Account (e.g. Card, App, automatic, etc); Do X, Get Y; Spending at Brand/Partners - Lifetime & Cumulative","Cashback / Direct Discounts / Coupons; Community & Networking; Convenience Benefits; Service Exclusivity & Priority Access; Sweepstakes, Contests & Prize Draws; Upgrades & Complimentary Offers",Team coding (Excel),,Y,Y
fe108e8b-4d50-4eda-aea3-eeac32a7ac9a,I Prefer Hotel Rewards,Hotels & Hospitality,Hotels,Yes,Needs review,Medium,Yes,"Create Account (e.g. Card, App, automatic, etc); Accumulated by Spending (redeemable for spending)",Points Inflation; Cashback / Direct Discounts / Coupons; Upgrades & Complimentary Offers,"Official page (pass 1, Medium)",,Y,N
56df7b4c-59eb-4d18-82a0-d43d2498fc3f,IHG One Rewards,Hotels & Hospitality,Hotels,Yes,Ready,High,No,"Accumulated by Spending (redeemable for spending); Ambassador; Create Account (e.g. Card, App, automatic, etc); Spending at Brand/Partners - Temporary",Experiential Exclusivity; Flexibility & Credit; Partner Benefits; Personalisation; Personalised Gifts; Service Exclusivity & Priority Access,Team coding (Excel),,Y,Y
832b51cc-eac6-4022-8072-de66081f412d,Loews YouFirst,Hotels & Hospitality,Hotels,Yes,Insufficient evidence,Low,Yes,Accumulated by Spending (redeemable for spending),,Rule-derived from legacy data (provisional) ; page check failed: PROGRAMME ENDED,"Pass 1 could not read the page (PROGRAMME ENDED): Exclusion candidate: programme no longer active, source is a blog (grade C). || No legacy benefit data || Removal candidate: Pass 1: programme ended; source is a blog.",Y,N
46ff6bec-a8f7-4de3-a1bc-2b897c9dfc29,MGM Rewards,Hotels & Hospitality,Hotels,Yes,Insufficient evidence,Low,Yes,Accumulated by Spending (redeemable for spending),Experiential Exclusivity,Rule-derived from legacy data (provisional) ; page check failed: BLOCKED,Pass 1 could not read the page (BLOCKED): Code manually. || No legacy benefit data || Industry: Casino-resort programme: Hotels vs Nightlife (casinos) ambiguous. Pass 1: page blocked.,N,N
0651490c-baf2-4fa0-b890-1de7aeee416f,Marriott Bonvoy,Hotels & Hospitality,Hotels,Yes,Needs review,Medium,Yes,"Accumulated by Spending (redeemable for spending); Create Account (e.g. Card, App, automatic, etc); Spending at Brand/Partners - Temporary",Convenience Benefits; Experiential Exclusivity; Partner Benefits; Personalisation; Personalised Gifts; Points Inflation; Proprietary Credit Card Benefits; Service Exclusivity & Priority Access; Social / Transferable Benefits; Sustainability & Charitable Giving; Upgrades & Complimentary Offers,Team coding (Excel),Excel coding differs from page-based pass 1. Mechanisms page-only: [] Excel-only: []. Benefits page-only: [] Excel-only: [Experiential Exclusivity; Personalisation; Personalised Gifts; Proprietary Credit Card Benefits; Service Exclusivity & Priority Access; Social / Transferable Benefits; Sustainability & Charitable Giving],Y,N
3919603e-d162-4b41-8824-868aedca9ce7,Member Hotel,Hotels & Hospitality,Hotels,Yes,Insufficient evidence,Low,Yes,,,Rule-derived from legacy data (provisional),"No legacy benefit data || Removal candidate: B2B programme (hotels joining Design Hotels), not a consumer loyalty programme. || No legacy mechanism data",Y,N
d91c12f9-c8d8-41b8-b06a-435ac3cf3160,Minor DISCOVERY,Hotels & Hospitality,Hotels,Yes,Ready,High,No,"Create Account (e.g. Card, App, automatic, etc); Spending at Brand/Partners - Temporary; Accumulated by Spending (redeemable for spending)",Cashback / Direct Discounts / Coupons; Convenience Benefits; Upgrades & Complimentary Offers; Experiential Exclusivity,"Official page (pass 1, High)",Pass-1 flag: Tier basis is nights OR spend (annual).,Y,Y
a32d9ed4-837b-45f0-a2ba-f47680c8af0f,Omni Select Guest,Hotels & Hospitality,Hotels,Yes,Insufficient evidence,Low,Yes,Accumulated by Spending (redeemable for spending),,Rule-derived from legacy data (provisional) ; page check failed: BLOCKED (403),Pass 1 could not read the page (BLOCKED (403)): Code manually. || No legacy benefit data,Y,N
75fc0710-9f00-4ff4-8878-9ba9957c4d57,One Harmony,Hotels & Hospitality,Hotels,Yes,Needs review,Medium,Yes,"Accumulated by Spending (redeemable for spending); Create Account (e.g. Card, App, automatic, etc); Spending at Brand/Partners - Temporary",Personalisation,Team coding (Excel),Excel coding differs from page-based pass 1. Mechanisms page-only: [] Excel-only: []. Benefits page-only: [Cashback / Direct Discounts / Coupons; Convenience Benefits; Personalised Gifts; Points Inflation; Upgrades & Complimentary Offers] Excel-only: [Personalisation],Y,N
54889c2c-7a6e-4771-8538-d6549a6fdad5,Pestana Guest Club,Hotels & Hospitality,Hotels,Yes,Ready,High,No,"Create Account (e.g. Card, App, automatic, etc); Spending at Brand/Partners - Temporary; Access by Ownership; Invite",Cashback / Direct Discounts / Coupons; Upgrades & Complimentary Offers; Convenience Benefits; Service Exclusivity & Priority Access; Personalised Gifts; Sustainability & Charitable Giving,"Official page (pass 1, High)","Pass-1 flag: Tiers are by NIGHTS, not spend: coded Temporary (see codebook question 1). Hub v3 has 'Spend-based earning' and 'External partner network' but the page shows no points or partners: check.",Y,Y
ed8fbc57-808d-43a3-9732-7b4c9ba596f2,QdL Employee Benefits,Hotels & Hospitality,Hotels,Yes,Needs review,Low,Yes,,Cashback / Direct Discounts / Coupons; Partner Benefits,Rule-derived from legacy data (provisional),"Removal candidate: Employee benefits scheme, not a customer loyalty programme.",Y,N
dd17cb3e-12e3-4b56-a573-f5b4711f57cc,Radisson Rewards,Hotels & Hospitality,Hotels,Yes,Insufficient evidence,Low,Yes,Accumulated by Spending (redeemable for spending),Partner Benefits,Rule-derived from legacy data (provisional) ; page check failed: BLOCKED (403),Pass 1 could not read the page (BLOCKED (403)): Code manually. || No legacy benefit data,Y,N
15c1ae0e-1725-4e33-abbe-c8e93df51ecb,Rotana DISCOVERY,Hotels & Hospitality,Hotels,Yes,Ready,High,No,"Create Account (e.g. Card, App, automatic, etc); Spending at Brand/Partners - Temporary; Accumulated by Spending (redeemable for spending)",Cashback / Direct Discounts / Coupons; Upgrades & Complimentary Offers; Convenience Benefits; Partner Benefits,"Official page (pass 1, High)",Pass-1 flag: Same scheme as GHA DISCOVERY and Minor DISCOVERY.,Y,Y
adea9721-c44c-4d39-b9e9-0d68bc4f3b1d,SANA Card,Hotels & Hospitality,Hotels,Yes,Needs review,Medium,Yes,"Create Account (e.g. Card, App, automatic, etc)",Cashback / Direct Discounts / Coupons; Service Exclusivity & Priority Access; Convenience Benefits,"Official page (pass 1, Medium)",Pass-1 flag: Page sits under /negocios/ (business): this looks like a corporate/B2B card. Check before including in the consumer sample. || Industry: Pass 1: page under /negocios/ - may be a corporate/B2B card. || Removal candidate: Pass 1: looks like a corporate card under /negocios/. Exclude if B2B.,N,N
b906b0b1-6771-4ee5-8b7d-496c6fb466b6,SLH Club,Hotels & Hospitality,Hotels,Yes,Needs review,Medium,Yes,"Create Account (e.g. Card, App, automatic, etc); Spending at Brand/Partners - Temporary","Cashback / Direct Discounts / Coupons; Convenience Benefits; Upgrades & Complimentary Offers; Service Exclusivity & Priority Access; Partner Benefits; Experiential Exclusivity; Sweepstakes, Contests & Prize Draws; Sustainability & Charitable Giving","Official page (pass 1, Medium)",Pass-1 flag: Nights-based tier with NO stated reset: Temporary or Lifetime? Needs the T&Cs. Previous INVITED members transferred automatically (legacy invite).,Y,N
7ef6f885-5fb1-4eaf-91e0-b99784b5b4aa,Shangri-La Circle,Hotels & Hospitality,Hotels,Yes,Needs review,Medium,Yes,"Create Account (e.g. Card, App, automatic, etc); Accumulated by Spending (redeemable for spending)",Points Inflation; Upgrades & Complimentary Offers; Service Exclusivity & Priority Access; Experiential Exclusivity; Family Benefits; Cashback / Direct Discounts / Coupons,"Official page (pass 1, Medium)",Pass-1 flag: Tier mechanism not coded because the page does not say how tiers are earned.,Y,N
a56f4e0f-ba71-4e5f-82df-81d6ff899e6b,Six Senses Discovery,Hotels & Hospitality,Hotels,Yes,Insufficient evidence,Low,Yes,Accumulated by Spending (redeemable for spending),Partner Benefits; Service Exclusivity & Priority Access; Upgrades & Complimentary Offers,Rule-derived from legacy data (provisional) ; page check failed: WRONG URL / BLOCKED,Pass 1 could not read the page (WRONG URL / BLOCKED): DATA ERROR: source_url is the IHG One Rewards page (same as IHG One Rewards row) and the Hub tiers/features describe IHG. Check whether Six Senses Dis,Y,N
23d8ef73-510c-405c-b2dd-b10703e19e8b,Sonesta Travel Pass,Hotels & Hospitality,Hotels,Yes,Insufficient evidence,Low,Yes,Accumulated by Spending (redeemable for spending),,Rule-derived from legacy data (provisional) ; page check failed: THIN,Pass 1 could not read the page (THIN):  || No legacy benefit data,Y,N
e33ef89d-f2b9-4649-88f1-587cda43f72b,World of Hyatt,Hotels & Hospitality,Hotels,Yes,Ready,High,No,"Accumulated by Spending (redeemable for spending); Create Account (e.g. Card, App, automatic, etc); Spending at Brand/Partners - Lifetime & Cumulative",Partner Benefits; Service Exclusivity & Priority Access,Team coding (Excel),,Y,Y
fd84cb70-c689-4e9c-a11a-aae728b3c89e,Wyndham Rewards,Hotels & Hospitality,Hotels,Yes,Needs review,Medium,Yes,"Create Account (e.g. Card, App, automatic, etc); Accumulated by Spending (redeemable for spending); Spending at Brand/Partners - Temporary",Cashback / Direct Discounts / Coupons; Convenience Benefits; Points Inflation,"Official page (pass 1, Medium)",Pass-1 flag: Thresholds come from Hub tiers (10/20/40 nights). Page served in Portuguese.,Y,N
1a6728d0-b86b-4668-b593-5d625e08d3c1,Annabel's (Birley Clubs),Food & Beverage,Nightlife,Yes,Insufficient evidence,Low,Yes,Paid Subscription,Community & Networking; Experiential Exclusivity,Rule-derived from legacy data (provisional) ; page check failed: EMPTY PAGE,"Pass 1 could not read the page (EMPTY PAGE): Page has only navigation: find the membership page. || No legacy benefit data || Industry: Private club / nightclub. Pass 1: page empty, verify. Alternative: F&B.",N,N
8402d8bd-7d91-43b0-a9c3-538622373dfd,Soho House,Food & Beverage,Nightlife,Yes,Needs review,Medium,Yes,Paid Subscription,Experiential Exclusivity; Community & Networking,"Official page (pass 1, Medium)","Pass-1 flag: Cross-house access = own-group benefit, no clear slot (codebook question 2). || Industry: Excel places it in Nightlife as closest fit and flags it. Members club with hotels, dining and gyms: genuinely ambiguous (Hotels / F&B / Nightlife).",N,N
82e50b11-f4c4-44af-a8fa-2e4251f59316,Zero Bond,Food & Beverage,Nightlife,Yes,Needs review,High,Yes,Paid Subscription; Invite,Experiential Exclusivity; Service Exclusivity & Priority Access; Partner Benefits,"Official page (pass 1, High)","Pass-1 flag: Tiers are by age, not by activity. || Industry: Private members club with bar/music venue; alternative F&B.",N,N
c881d876-dc35-4d9d-98ee-1a449299ec1b,Bannatyne,Fitness & Wellness,Wellness,Yes,Needs review,Medium,Yes,Paid Subscription,Upgrades & Complimentary Offers; Partner Benefits,"Official page (pass 1, Medium)",,Y,N
b5fe264b-cfe4-4a51-b1a9-65152323be5a,ClassPass,Fitness & Wellness,Wellness,Yes,Ready,High,No,"Create Account (e.g. Card, App, automatic, etc); Newsletter, Email, Phone; Paid Subscription; Referral",Cashback / Direct Discounts / Coupons; Convenience Benefits; Experiential Exclusivity; Flexibility & Credit; Partner Benefits; Social / Transferable Benefits; Upgrades & Complimentary Offers,Team coding (Excel),,Y,Y
3980e1a2-6a14-4f3b-8bee-1699ddb61e65,CorePower Yoga,Fitness & Wellness,Wellness,Yes,Needs review,Medium,Yes,Paid Subscription,Cashback / Direct Discounts / Coupons,"Official page (pass 1, Medium)",Pass-1 flag: Free week trial with email/phone form: not coded as an enrolment route (paid programme).,Y,N
09aad811-06ab-4487-b488-55976f84fe51,David Lloyd,Fitness & Wellness,Wellness,Yes,Ready,High,No,Paid Subscription,Social / Transferable Benefits; Family Benefits; Cashback / Direct Discounts / Coupons; Experiential Exclusivity,"Official page (pass 1, High)",,Y,Y
60c92de4-5171-4a6f-93f6-14399a7d9ab0,Equinox+,Fitness & Wellness,Wellness,Yes,Insufficient evidence,Low,Yes,Paid Subscription,Experiential Exclusivity; Partner Benefits; Service Exclusivity & Priority Access,Rule-derived from legacy data (provisional) ; page check failed: OK (partial),Pass 1 could not read the page (OK (partial)): Core product access is not coded as a benefit (codebook question 4). || Industry: Digital product of a gym brand; kept in Wellness as part of a physical wellness ecosystem.,N,N
306ea95c-0944-4f30-a7bf-133c8a5fa190,F45 Play,Fitness & Wellness,Wellness,Yes,Needs review,Medium,Yes,"Create Account (e.g. Card, App, automatic, etc); Accumulated by Actions (redeemable for spending); Missions/Gamification","Partner Benefits; Sweepstakes, Contests & Prize Draws; Cashback / Direct Discounts / Coupons","Official page (pass 1, Medium)","Pass-1 flag: Points are redeemed for partner offers, not directly for spending: confirm Accumulated by Actions. || Industry: Digital product of a gym brand; kept in Wellness as part of a physical wellness ecosystem.",N,N
055bb844-f743-4766-aee3-45929372fe21,My Bene-FIT,Fitness & Wellness,Wellness,Yes,Needs review,Medium,Yes,"Accumulated by Actions (redeemable for spending); Accumulated by Spending (redeemable for spending); Create Account (e.g. Card, App, automatic, etc); Spending at Brand/Partners - Temporary",Early Access; Service Exclusivity & Priority Access,Team coding (Excel),"Excel coding differs from page-based pass 1. Mechanisms page-only: [] Excel-only: [Create Account (e.g. Card, App, automatic, etc)]. Benefits page-only: [Cashback / Direct Discounts / Coupons; Social / Transferable Benefits; Upgrades & Complimentary Offers] Excel-only: [Early Access]",Y,N
15ebef7f-2a05-44e3-816f-8971db6d4d1f,Nuffield Health,Fitness & Wellness,Wellness,Yes,Needs review,Medium,Yes,Paid Subscription,Cashback / Direct Discounts / Coupons; Family Benefits,"Official page (pass 1, Medium)",,Y,N
e6198c97-a63e-463f-90c6-065e7b4187d6,Orangetheory Rewards,Fitness & Wellness,Wellness,Yes,Insufficient evidence,Low,Yes,Paid Subscription,Community & Networking,Rule-derived from legacy data (provisional) ; page check failed: WRONG PAGE,"Pass 1 could not read the page (WRONG PAGE): URL is the memberships page, no rewards information. Find the Rewards programme page. || No legacy benefit data",Y,N
346c2ea6-b4ae-47a9-a2cb-19ed4b824686,Pvolve,Fitness & Wellness,Wellness,Yes,Insufficient evidence,Low,Yes,Paid Subscription,,Rule-derived from legacy data (provisional),No legacy benefit data,Y,N
17d6d4e4-494e-4ba5-aacf-0c98309a74a9,Solinca Membership,Fitness & Wellness,Wellness,Yes,Ready,High,No,Paid Subscription,"Cashback / Direct Discounts / Coupons; Convenience Benefits; Experiential Exclusivity; Partner Benefits; Personalisation; Sweepstakes, Contests & Prize Draws; Upgrades & Complimentary Offers",Team coding (Excel),,Y,Y
979d6a1a-d222-4a38-85dd-3dc7e0ff26ac,SoulCycle,Fitness & Wellness,Wellness,Yes,Insufficient evidence,Low,Yes,Paid Subscription,Community & Networking,Rule-derived from legacy data (provisional) ; page check failed: THIN,Pass 1 could not read the page (THIN): A 'Refer a Friend' link exists but its terms are not on the page: Referral not coded. || No legacy benefit data,Y,N
bf8411d1-8313-4ac3-8d9a-e4abe1f2f3b1,The Academy Barry's,Fitness & Wellness,Wellness,Yes,Insufficient evidence,Low,Yes,Paid Subscription,Community & Networking,Rule-derived from legacy data (provisional) ; page check failed: EMPTY PAGE,Pass 1 could not read the page (EMPTY PAGE): Find the programme page. || No legacy benefit data,Y,N
a99a1b6e-b999-4d08-8581-4c62e941a68b,The Campus Membership,Fitness & Wellness,Wellness,Yes,Ready,High,No,Paid Subscription,Cashback / Direct Discounts / Coupons; Family Benefits; Social / Transferable Benefits; Upgrades & Complimentary Offers,"Official page (pass 1, High)",Pass-1 flag: Whether QdL residents get a different price is not documented.,Y,Y
d561ed3c-a457-4dac-aa23-ec407b0b37ce,VivaGym Memberships,Fitness & Wellness,Wellness,Yes,Needs review,Medium,Yes,Paid Subscription,Social / Transferable Benefits; Personalisation; Cashback / Direct Discounts / Coupons,"Official page (pass 1, Medium)","Pass-1 flag: Plans differ by club access, not by activity: not an earned tier.",Y,N
e682ee5e-bf53-43da-a479-891e8c606ffc,Wellhub,Fitness & Wellness,Wellness,Yes,Insufficient evidence,Low,Yes,Paid Subscription,Partner Benefits,Rule-derived from legacy data (provisional),"No legacy benefit data || Industry: Corporate gym-access aggregator (B2B2C); gyms are the product, so Wellness.",N,N
71217b0c-c602-4445-af1e-668e5ff4a384,BMW ConnectedDrive,Automotive,Automotive,No,Insufficient evidence,Low,Yes,Paid Subscription,,Rule-derived from legacy data (provisional),"No legacy benefit data || Removal candidate: Paid vehicle connectivity/subscription product, probably not a loyalty programme. Confirm.",Y,N
fbc61cf2-bdec-4e20-96ab-a5269c048e8c,BMW Excellence Club,Automotive,Automotive,No,Insufficient evidence,Low,Yes,,Community & Networking; Experiential Exclusivity,Rule-derived from legacy data (provisional),No legacy benefit data,Y,N
b45b5826-7ed5-4685-badf-fd16562ca4af,BYD/DENZA Lifestyle Membership,Automotive,Automotive,No,Needs review,Low,Yes,,Cashback / Direct Discounts / Coupons; Partner Benefits,Rule-derived from legacy data (provisional),,Y,N
539f0ad2-731a-49d2-8682-ae632cacce81,Care by Volvo,Automotive,Automotive,No,Insufficient evidence,Low,Yes,Paid Subscription,,Rule-derived from legacy data (provisional),"No legacy benefit data || Removal candidate: Paid vehicle connectivity/subscription product, probably not a loyalty programme. Confirm.",Y,N
5e293e3b-254a-4dca-9e79-eb7eeefccbb8,Club Land Rover,Automotive,Automotive,No,Insufficient evidence,Low,Yes,,Community & Networking; Experiential Exclusivity,Rule-derived from legacy data (provisional),No legacy benefit data,Y,N
e29c2d9c-229f-4e5a-80f8-837ae4aff304,FordPass,Automotive,Automotive,No,Insufficient evidence,Low,Yes,Accumulated by Spending (redeemable for spending); Paid Subscription,,Rule-derived from legacy data (provisional),No legacy benefit data,Y,N
0630ca84-74b5-41fe-b91e-e4bb59bceea5,Harley Owners Group (H.O.G.),Automotive,Automotive,No,Needs review,Low,Yes,Accumulated by Spending (redeemable for spending); Paid Subscription,Community & Networking; Experiential Exclusivity; Partner Benefits,Rule-derived from legacy data (provisional),,Y,N
94699a43-9526-47fd-a344-ab11cd1bd74f,Hyundai Rewards,Automotive,Automotive,No,Insufficient evidence,Low,Yes,Accumulated by Spending (redeemable for spending),,Rule-derived from legacy data (provisional),No legacy benefit data,Y,N
73e25d74-266e-4bbd-848b-649cc44094dd,Jaguar Subscription,Automotive,Automotive,No,Insufficient evidence,Low,Yes,Paid Subscription,,Rule-derived from legacy data (provisional),"No legacy benefit data || Removal candidate: Paid vehicle connectivity/subscription product, probably not a loyalty programme. Confirm.",Y,N
4f90b888-0926-42f7-8b90-4e1dec406eea,Kia Connect,Automotive,Automotive,No,Insufficient evidence,Low,Yes,Paid Subscription,,Rule-derived from legacy data (provisional),"No legacy benefit data || Removal candidate: Paid vehicle connectivity/subscription product, probably not a loyalty programme. Confirm.",Y,N
ba02c64d-9d6d-4469-9b20-91664ebaf12e,Lexus,Automotive,Automotive,No,Insufficient evidence,Low,Yes,Paid Subscription,,Rule-derived from legacy data (provisional),No legacy benefit data,Y,N
630d8d33-a750-4167-9aa8-3f1170506753,Lion Hearts,Automotive,Automotive,No,Needs review,Low,Yes,Referral,Cashback / Direct Discounts / Coupons; Experiential Exclusivity; Partner Benefits,Rule-derived from legacy data (provisional),,Y,N
a6afd29f-de1e-4f8b-8aea-df9ff776c05d,MINI Connected Package,Automotive,Automotive,No,Insufficient evidence,Low,Yes,Paid Subscription,,Rule-derived from legacy data (provisional),"No legacy benefit data || Removal candidate: Paid vehicle connectivity/subscription product, probably not a loyalty programme. Confirm.",Y,N
117aa8dc-c49f-4a81-a48d-70971dfabe3c,Mercedes Benz Club Membership,Automotive,Automotive,No,Insufficient evidence,Low,Yes,Paid Subscription,Community & Networking; Experiential Exclusivity,Rule-derived from legacy data (provisional),No legacy benefit data,Y,N
42628dae-2759-43c5-bc37-0b7350cc5033,Mercedes-Benz Rewards.,Automotive,Automotive,No,Needs review,Low,Yes,,Experiential Exclusivity; Partner Benefits; Service Exclusivity & Priority Access,Rule-derived from legacy data (provisional),,Y,N
2539f1e0-7198-48e7-84e4-e47544d3fa58,MyAudi,Automotive,Automotive,No,Insufficient evidence,Low,Yes,,,Rule-derived from legacy data (provisional),No legacy benefit data,Y,N
c9a1932f-8fc6-499f-aa00-ea25ab353d4a,NissanConnect,Automotive,Automotive,No,Insufficient evidence,Low,Yes,Paid Subscription,,Rule-derived from legacy data (provisional),"No legacy benefit data || Removal candidate: Paid vehicle connectivity/subscription product, probably not a loyalty programme. Confirm.",Y,N
04f98bf8-d712-4c0f-b7ea-8dec7ba04c46,Porsche Club Portugal,Automotive,Automotive,No,Insufficient evidence,Low,Yes,Paid Subscription,Community & Networking; Experiential Exclusivity,Rule-derived from legacy data (provisional),No legacy benefit data,Y,N
b97720ed-8423-4535-a0bd-2a3efc47d705,Porsche Owners' Benefits,Automotive,Automotive,No,Needs review,Low,Yes,,Experiential Exclusivity; Partner Benefits; Service Exclusivity & Priority Access,Rule-derived from legacy data (provisional),,Y,N
6150fb4a-40b3-4265-b4ab-bc637fc63dc6,Range Rover Owner,Automotive,Automotive,No,Insufficient evidence,Low,Yes,,Community & Networking; Experiential Exclusivity,Rule-derived from legacy data (provisional),No legacy benefit data,Y,N
bfe30942-db0c-4bf4-a722-2cca6eb68da5,Tesla Connectivity Premium,Automotive,Automotive,No,Insufficient evidence,Low,Yes,Paid Subscription,,Rule-derived from legacy data (provisional),"No legacy benefit data || Removal candidate: Paid vehicle connectivity/subscription product, probably not a loyalty programme. Confirm.",Y,N
2aff1a70-eee8-4a6a-b1c0-a1aed10b4c68,Toyota Go,Automotive,Automotive,No,Insufficient evidence,Low,Yes,,Partner Benefits,Rule-derived from legacy data (provisional),No legacy benefit data,Y,N
c6b49ac1-bdf5-4a89-9a13-b62e79b6174a,Absa Rewards,Banking & Financial Services,Banking & Financial Services,No,Needs review,Low,Yes,Accumulated by Spending (redeemable for spending),Cashback / Direct Discounts / Coupons; Partner Benefits,Rule-derived from legacy data (provisional),,Y,N
28c932e2-11c4-442f-891e-0c8fe9062f81,Associação Mutualista (descontos),Banking & Financial Services,Banking & Financial Services,No,Needs review,Low,Yes,Paid Subscription,Cashback / Direct Discounts / Coupons; Partner Benefits,Rule-derived from legacy data (provisional),,Y,N
a8c4fc1f-efad-422a-b5f3-930423d24287,Benefícios BPI (cashback em parceiros),Banking & Financial Services,Banking & Financial Services,No,Needs review,Low,Yes,Accumulated by Spending (redeemable for spending),Cashback / Direct Discounts / Coupons; Partner Benefits,Rule-derived from legacy data (provisional),,Y,N
5ec29291-4016-4c4c-a1c1-9775cf475592,Blue Rewards,Banking & Financial Services,Banking & Financial Services,No,Needs review,Low,Yes,Accumulated by Spending (redeemable for spending); Paid Subscription,Cashback / Direct Discounts / Coupons; Partner Benefits,Rule-derived from legacy data (provisional),"Two programmes share the name (Barclays, Retail/Al-Futtaim). Not duplicates; rename to ""Blue Rewards (Barclays)"" / ""Blue Rewards (Al-Futtaim)"".",Y,N
6ff8d2fe-9c0b-45b1-a980-ea9ebcf85668,Cashback BankinterCard Gold,Banking & Financial Services,Banking & Financial Services,No,Needs review,Low,Yes,Accumulated by Spending (redeemable for spending),Cashback / Direct Discounts / Coupons,Rule-derived from legacy data (provisional),,Y,N
28cfd2cc-2336-4809-92a1-f65cf083496c,Cashback CaixaBank,Banking & Financial Services,Banking & Financial Services,No,Needs review,Low,Yes,Accumulated by Spending (redeemable for spending),Cashback / Direct Discounts / Coupons; Partner Benefits,Rule-derived from legacy data (provisional),,Y,N
15593155-d91a-446c-8e2e-9ba8d0ceaf2f,Cashback UNIBANCO,Banking & Financial Services,Banking & Financial Services,No,Needs review,Low,Yes,Accumulated by Spending (redeemable for spending),Cashback / Direct Discounts / Coupons; Partner Benefits,Rule-derived from legacy data (provisional),,Y,N
74c4fda2-1ac3-4a37-af47-78330615b266,Cashback novobanco,Banking & Financial Services,Banking & Financial Services,No,Needs review,Low,Yes,Accumulated by Spending (redeemable for spending),Cashback / Direct Discounts / Coupons; Partner Benefits,Rule-derived from legacy data (provisional),,Y,N
575ff304-5d97-48d9-b84c-ffe61896045b,Chase Ultimate Rewards,Banking & Financial Services,Banking & Financial Services,No,Needs review,Low,Yes,Accumulated by Spending (redeemable for spending),Cashback / Direct Discounts / Coupons; Partner Benefits; Upgrades & Complimentary Offers,Rule-derived from legacy data (provisional),,Y,N
ea55f842-c90c-47f8-9fa0-83de59915d57,Everyday Offers / Rewards (na app),Banking & Financial Services,Banking & Financial Services,No,Needs review,Low,Yes,Accumulated by Spending (redeemable for spending),Cashback / Direct Discounts / Coupons; Partner Benefits,Rule-derived from legacy data (provisional),,Y,N
93ed7db8-5c51-420e-909c-6627f7fc5808,Lemonade Giveback,Banking & Financial Services,Banking & Financial Services,No,Needs review,Low,Yes,,Community & Networking,Rule-derived from legacy data (provisional),,Y,N
38623e34-1ad6-4417-91d3-7af491ed3490,Mastercard Priceless,Banking & Financial Services,Banking & Financial Services,No,Insufficient evidence,Low,Yes,,Experiential Exclusivity; Partner Benefits,Rule-derived from legacy data (provisional),No legacy benefit data,Y,N
ac929d3a-1e0b-4391-9524-00338070c365,Millennium Rewards (pontos em cartões de crédito),Banking & Financial Services,Banking & Financial Services,No,Needs review,Low,Yes,Accumulated by Spending (redeemable for spending),Partner Benefits,Rule-derived from legacy data (provisional),,Y,N
e489c49c-09d6-4eb7-b4b7-f5c187e6d65e,Moey Cashback,Banking & Financial Services,Banking & Financial Services,No,Needs review,Low,Yes,Accumulated by Spending (redeemable for spending),Cashback / Direct Discounts / Coupons; Partner Benefits,Rule-derived from legacy data (provisional),,Y,N
7d83913f-5ecd-41b2-a6c0-577beb37f0c9,Red Hot Rewards & RewardCash (app Reward+),Banking & Financial Services,Banking & Financial Services,No,Needs review,Low,Yes,Accumulated by Spending (redeemable for spending),Cashback / Direct Discounts / Coupons; Partner Benefits,Rule-derived from legacy data (provisional),,Y,N
85aa033f-be0d-4bd8-9a46-6be5b0e5b152,RevPoints,Banking & Financial Services,Banking & Financial Services,No,Needs review,Low,Yes,Accumulated by Spending (redeemable for spending); Paid Subscription,Cashback / Direct Discounts / Coupons; Partner Benefits,Rule-derived from legacy data (provisional),,Y,N
f46974a0-ed8b-4508-949e-9e67a6772e42,Santander Rewards,Banking & Financial Services,Banking & Financial Services,No,Needs review,Low,Yes,Accumulated by Spending (redeemable for spending),Cashback / Direct Discounts / Coupons; Partner Benefits,Rule-derived from legacy data (provisional),,Y,N
40b464a2-2eb5-42e5-afb6-33cff22995f4,Sempre em Caixa (benefícios + cashback),Banking & Financial Services,Banking & Financial Services,No,Needs review,Low,Yes,Accumulated by Spending (redeemable for spending),Cashback / Direct Discounts / Coupons; Partner Benefits,Rule-derived from legacy data (provisional),,Y,N
3be607e0-7878-4234-a65d-26fe8fc70594,The Mastercard Collection – Asia Gourmet Circle,Banking & Financial Services,Banking & Financial Services,No,Needs review,Low,Yes,,Cashback / Direct Discounts / Coupons; Experiential Exclusivity; Partner Benefits; Service Exclusivity & Priority Access,Rule-derived from legacy data (provisional),,Y,N
936b22a3-6fad-4d65-8218-63dc212a78f5,Vitality Rewards,Banking & Financial Services,Banking & Financial Services,No,Needs review,Low,Yes,Accumulated by Spending (redeemable for spending); Paid Subscription,Cashback / Direct Discounts / Coupons; Partner Benefits,Rule-derived from legacy data (provisional),,Y,N
55d88ba5-33cc-469f-8745-75325b2375e8,VodaBucks (via VodaPay),Banking & Financial Services,Banking & Financial Services,No,Needs review,Low,Yes,Accumulated by Spending (redeemable for spending),Partner Benefits,Rule-derived from legacy data (provisional),,Y,N
21bb5b9c-86af-4b14-8333-156605ec6f74,€pistrofi,Banking & Financial Services,Banking & Financial Services,No,Needs review,Low,Yes,Accumulated by Spending (redeemable for spending),Cashback / Direct Discounts / Coupons; Partner Benefits,Rule-derived from legacy data (provisional),,Y,N
c9fd651a-f45c-44e3-87fa-676a1d4e2825,Coursera Plus,Leisure & Entertainment,Education,No,Needs review,Low,Yes,Paid Subscription,Cashback / Direct Discounts / Coupons; Experiential Exclusivity,Rule-derived from legacy data (provisional),,Y,N
eb7aca64-4076-47b5-a509-dd5f09aa5f37,Super Duolingo,Leisure & Entertainment,Education,No,Needs review,Low,Yes,Paid Subscription,Personalisation,Rule-derived from legacy data (provisional),,Y,N
c1172778-446f-455e-a605-d2d200e1fe75,Annual Passholder,Leisure & Entertainment,Leisure & Entertainment,No,Insufficient evidence,Low,Yes,Paid Subscription,Cashback / Direct Discounts / Coupons; Experiential Exclusivity,Rule-derived from legacy data (provisional) ; page check failed: TIMEOUT,Pass 1 could not read the page (TIMEOUT): Retry or code manually.,Y,N
94dedd6b-45cf-4fa3-974d-e0122bdb280a,Bloomberg Subscriptions,Leisure & Entertainment,Leisure & Entertainment,No,Needs review,Low,Yes,Paid Subscription; Referral,Cashback / Direct Discounts / Coupons; Experiential Exclusivity,Rule-derived from legacy data (provisional),,Y,N
26d644fb-1d08-4104-a128-88ba92addc39,Calm Premium,Fitness & Wellness,Leisure & Entertainment,No,Needs review,Low,Yes,Paid Subscription,Community & Networking; Personalisation,Rule-derived from legacy data (provisional),Industry: Digital-only app: no physical wellness venue. Needs a non-core home (decision).,N,N
1e75a58e-5540-4766-b212-944b1cb7124d,CopaCoins,Leisure & Entertainment,Leisure & Entertainment,No,Insufficient evidence,Low,Yes,Accumulated by Spending (redeemable for spending),,Rule-derived from legacy data (provisional),"No legacy benefit data || Removal candidate: B2B reseller currency (Copaco), not a consumer loyalty programme.",Y,N
d15e2b0d-7c9a-481d-8a0a-26204475ee17,Epic Pass,Leisure & Entertainment,Leisure & Entertainment,No,Ready,High,No,Paid Subscription,Cashback / Direct Discounts / Coupons; Social / Transferable Benefits; Convenience Benefits,"Official page (pass 1, High)",Pass-1 flag: Seasonal pass = Paid Subscription (no spend or frequency threshold).,Y,Y
5797b49d-19d4-4318-a503-711acc806762,Financial Times Subscriptions,Leisure & Entertainment,Leisure & Entertainment,No,Needs review,Low,Yes,Paid Subscription,Cashback / Direct Discounts / Coupons; Experiential Exclusivity,Rule-derived from legacy data (provisional),,Y,N
7ae7d159-b9f4-4517-9562-877ddcc3004b,HBR Subscriptions,Leisure & Entertainment,Leisure & Entertainment,No,Needs review,Low,Yes,Paid Subscription,Experiential Exclusivity,Rule-derived from legacy data (provisional),,Y,N
5de3d091-4890-47e3-82a6-e842e6d65d56,Headspace Membership,Fitness & Wellness,Leisure & Entertainment,No,Needs review,Low,Yes,Paid Subscription,Community & Networking; Personalisation,Rule-derived from legacy data (provisional),Industry: Digital-only app: no physical wellness venue. Needs a non-core home (decision).,N,N
97fffb96-c0a0-48c2-a83c-db93fb87938b,Ikon Pass,Leisure & Entertainment,Leisure & Entertainment,No,Ready,High,No,Paid Subscription,Social / Transferable Benefits; Cashback / Direct Discounts / Coupons; Early Access,"Official page (pass 1, High)",Pass-1 flag: Page mentions an ambassador programme without detail: Ambassador not coded.,Y,Y
4139e2f8-858b-4c7c-9f81-09acaa02fcd9,LEGO Insiders / LEGO Ideas,Leisure & Entertainment,Leisure & Entertainment,No,Needs review,Low,Yes,Accumulated by Spending (redeemable for spending); Referral,Community & Networking; Experiential Exclusivity; Personalisation; Service Exclusivity & Priority Access,Rule-derived from legacy data (provisional),,Y,N
c23c6398-dea5-450d-ad19-855bf5b9f667,Oracle Red Bull Racing,Leisure & Entertainment,Leisure & Entertainment,No,Needs review,Low,Yes,Accumulated by Spending (redeemable for spending); Referral,Cashback / Direct Discounts / Coupons; Community & Networking; Experiential Exclusivity,Rule-derived from legacy data (provisional),,Y,N
eac86a2b-3e08-4cbe-ad5e-dc962d524a81,PGA TOUR Rewards,Golf,Leisure & Entertainment,No,Insufficient evidence,Low,Yes,Paid Subscription,Experiential Exclusivity,Rule-derived from legacy data (provisional),"No legacy benefit data || Industry: Fan/media subscription (PGA TOUR Pass), not a golf club or course.",N,N
11167465-5002-416e-aab7-efb7150b1669,Spotify Premium,Leisure & Entertainment,Leisure & Entertainment,No,Needs review,Low,Yes,Paid Subscription,Cashback / Direct Discounts / Coupons; Partner Benefits; Personalisation,Rule-derived from legacy data (provisional),,Y,N
6577b636-958d-4326-a425-5fc42e0153fb,Strava Subscription,Fitness & Wellness,Leisure & Entertainment,No,Needs review,Low,Yes,Paid Subscription,Community & Networking; Partner Benefits; Personalisation,Rule-derived from legacy data (provisional),Industry: Digital-only app: no physical wellness venue. Needs a non-core home (decision).,N,N
9849c01b-694d-4265-afb4-4bc0cef1bad2,TIFF Membership,Leisure & Entertainment,Leisure & Entertainment,No,Insufficient evidence,Low,Yes,Paid Subscription,Experiential Exclusivity,Rule-derived from legacy data (provisional) ; page check failed: BLOCKED (403),Pass 1 could not read the page (BLOCKED (403)): Code manually. || No legacy benefit data,Y,N
c017b7a9-f5c8-4f7d-a620-e931072fb6a3,XLife - Invited Clubs,Leisure & Entertainment,Leisure & Entertainment,No,Needs review,Medium,Yes,Paid Subscription,Experiential Exclusivity; Cashback / Direct Discounts / Coupons; Early Access; Upgrades & Complimentary Offers,"Official page (pass 1, Medium)",Pass-1 flag: Hub URL is a test page (coles-test-empty-page): replace with the real membership URL. || Industry: Invited (ex-ClubCorp) runs golf/country clubs: may be Golf. Source URL is a test page.,N,N
8dbb77c1-f461-476f-a537-d818ca38fc92,Yellowstone Club,Leisure & Entertainment,Leisure & Entertainment,No,Ready,High,No,Access by Ownership,Experiential Exclusivity; Community & Networking,"Official page (pass 1, High)",Pass-1 flag: Hub says Invitation only; the page does not mention it.,Y,Y
7b6a60cd-39d1-46a7-8b5e-525563e166c1,88 Membership Club / 88 VIP,Retail,Retail,No,Needs review,Low,Yes,Accumulated by Spending (redeemable for spending); Paid Subscription,Cashback / Direct Discounts / Coupons; Partner Benefits,Rule-derived from legacy data (provisional),,Y,N
6233e607-1f1a-4cb3-91ec-33afb86678a2,AdiClub,Fitness & Wellness,Retail,No,Needs review,Low,Yes,Accumulated by Spending (redeemable for spending); Referral,Cashback / Direct Discounts / Coupons; Community & Networking; Experiential Exclusivity; Partner Benefits; Service Exclusivity & Priority Access,Rule-derived from legacy data (provisional),,Y,N
93d487fd-77c8-4915-8bca-c4812d41c4d6,Alo Access,Fitness & Wellness,Retail,No,Needs review,High,Yes,"Accumulated by Spending (redeemable for spending); Ambassador; Missions/Gamification; Newsletter, Email, Phone; Paid Subscription; Referral; Spending at Brand/Partners - Lifetime & Cumulative; Spending at Brand/Partners - Temporary","Community & Networking; Flexibility & Credit; Personalised Gifts; Service Exclusivity & Priority Access; Sweepstakes, Contests & Prize Draws; Upgrades & Complimentary Offers",Team coding (Excel),"Industry: Apparel. CONFLICT: the Excel keeps ""alo"" in Wellness; the new rule (apparel -> Retail) disagrees. Decide.",N,N
a232111b-c3e0-44f9-9ad2-de3eb274dcf3,Amazon Prime,Retail,Retail,No,Needs review,Low,Yes,Accumulated by Spending (redeemable for spending); Paid Subscription,Cashback / Direct Discounts / Coupons; Experiential Exclusivity; Partner Benefits; Service Exclusivity & Priority Access,Rule-derived from legacy data (provisional),,Y,N
bc64f5dd-096f-4539-b3a1-6eb781444784,App Lidl Plus,Retail,Retail,No,Needs review,Low,Yes,Accumulated by Spending (redeemable for spending),Cashback / Direct Discounts / Coupons,Rule-derived from legacy data (provisional),,Y,N
38566a9a-0d69-4019-be6e-6adfbb1c5b9e,App O Meu Pingo Doce,Retail,Retail,No,Needs review,Low,Yes,,Cashback / Direct Discounts / Coupons; Partner Benefits,Rule-derived from legacy data (provisional),,Y,N
80d120d3-8146-4bd3-a676-f513010fb734,Aura,Retail,Retail,No,Insufficient evidence,Low,Yes,Accumulated by Spending (redeemable for spending),Partner Benefits,Rule-derived from legacy data (provisional),No legacy benefit data,Y,N
d70096a0-30b0-43b4-a070-28de85d969fa,Beauty Insider,Retail,Retail,No,Needs review,Low,Yes,Accumulated by Spending (redeemable for spending),Cashback / Direct Discounts / Coupons; Community & Networking; Experiential Exclusivity; Personalisation,Rule-derived from legacy data (provisional),,Y,N
b3aa8e0e-fda9-4fc9-8094-85d3386daeb7,Beauty Loop,Retail,Retail,No,Needs review,Low,Yes,,Community & Networking; Experiential Exclusivity; Personalisation,Rule-derived from legacy data (provisional),,Y,N
46e70a99-d894-4c98-b85f-9a48d7b45078,Blue Rewards,Retail,Retail,No,Needs review,Low,Yes,Accumulated by Spending (redeemable for spending),Cashback / Direct Discounts / Coupons; Experiential Exclusivity; Partner Benefits,Rule-derived from legacy data (provisional),"Two programmes share the name (Barclays, Retail/Al-Futtaim). Not duplicates; rename to ""Blue Rewards (Barclays)"" / ""Blue Rewards (Al-Futtaim)"".",Y,N
74610356-d59e-40a9-9a5a-16a4c74fd0c0,Callaway Rewards,Golf,Retail,No,Insufficient evidence,Low,Yes,Accumulated by Spending (redeemable for spending),,Rule-derived from legacy data (provisional),"No legacy benefit data || Industry: Golf equipment manufacturer rewards = consumer goods, not a golf venue/club/membership. Confirm.",N,N
fdb764ef-3759-4155-a15b-00ae0b8d0d58,Cartão Continente,Retail,Retail,No,Needs review,Low,Yes,Accumulated by Spending (redeemable for spending),Cashback / Direct Discounts / Coupons; Partner Benefits,Rule-derived from legacy data (provisional),,Y,N
9c3f390c-30fb-4d36-8a5d-2be16bbba9b0,Club Carrefour,Retail,Retail,No,Needs review,Low,Yes,Accumulated by Spending (redeemable for spending),Cashback / Direct Discounts / Coupons; Partner Benefits; Personalisation,Rule-derived from legacy data (provisional),,Y,N
3a0a3a78-ebcc-46fe-813c-a602a9a4e10b,Club Peloton,Fitness & Wellness,Retail,No,Needs review,Medium,Yes,Paid Subscription; Missions/Gamification,Cashback / Direct Discounts / Coupons; Partner Benefits,"Official page (pass 1, Medium)","Pass-1 flag: Tiers are by activity points that are not redeemable: coded Missions/Gamification, not a spending tier. || Industry: Wearable/connected-hardware brand: consumer goods. Needs a non-core home (decision).",N,N
a18860ea-6397-49b3-976d-04c0c37d62ae,Dior Beauty Privé,Retail,Retail,No,Needs review,Low,Yes,,Experiential Exclusivity; Personalisation,Rule-derived from legacy data (provisional),,Y,N
38d7526c-2cda-43f9-95cd-1d70d3c08fd4,Dove Rewards,Retail,Retail,No,Needs review,Low,Yes,Accumulated by Spending (redeemable for spending),Cashback / Direct Discounts / Coupons; Community & Networking; Experiential Exclusivity; Partner Benefits; Personalisation,Rule-derived from legacy data (provisional),,Y,N
a8869323-fb70-46c5-a4f6-b305f47f4781,FootJoy Insider,Golf,Retail,No,Insufficient evidence,Low,Yes,Accumulated by Spending (redeemable for spending),,Rule-derived from legacy data (provisional),"No legacy benefit data || Industry: Golf equipment manufacturer rewards = consumer goods, not a golf venue/club/membership. Confirm.",N,N
4aeca102-1781-4373-9823-11255c8450d4,Fun Club,Food & Beverage,Retail,No,Needs review,Low,Yes,Accumulated by Spending (redeemable for spending); Referral,Community & Networking; Experiential Exclusivity,Rule-derived from legacy data (provisional),,Y,N
0f16768c-c6c6-4781-bd53-a09b23ff03fe,H&M Members,Retail,Retail,No,Needs review,Low,Yes,Accumulated by Spending (redeemable for spending),Cashback / Direct Discounts / Coupons; Service Exclusivity & Priority Access,Rule-derived from legacy data (provisional),,Y,N
1949eb44-8392-42ed-a7c5-7aa7c65a7567,Hugo Boss XP,Retail,Retail,No,Needs review,Low,Yes,Accumulated by Spending (redeemable for spending),Cashback / Direct Discounts / Coupons; Personalisation; Service Exclusivity & Priority Access,Rule-derived from legacy data (provisional),,Y,N
7e687754-8f40-4cf7-a27d-22a44f4c90ba,Ikea Family,Retail,Retail,No,Needs review,Low,Yes,Accumulated by Spending (redeemable for spending),Cashback / Direct Discounts / Coupons; Community & Networking; Experiential Exclusivity,Rule-derived from legacy data (provisional),,Y,N
76eb2de4-17e8-449d-8853-aa6c604d48f0,Jotun Master Painter,Retail,Retail,No,Needs review,Low,Yes,Accumulated by Spending (redeemable for spending),Partner Benefits,Rule-derived from legacy data (provisional),,Y,N
66ff785e-51cc-4508-b685-d866d35fb59e,La Collection,Retail,Retail,No,Needs review,Low,Yes,,Experiential Exclusivity,Rule-derived from legacy data (provisional),,Y,N
e6e361b5-066d-42fc-91c6-100ac930f458,Lacoste Members,Retail,Retail,No,Needs review,Low,Yes,Accumulated by Spending (redeemable for spending),Cashback / Direct Discounts / Coupons; Experiential Exclusivity; Service Exclusivity & Priority Access,Rule-derived from legacy data (provisional),,Y,N
f7e24e05-37aa-4331-beab-740c23aab056,Lindt Chocolate Club,Food & Beverage,Retail,No,Needs review,Low,Yes,Accumulated by Spending (redeemable for spending),Cashback / Direct Discounts / Coupons,Rule-derived from legacy data (provisional),,Y,N
8680dcab-76a6-40db-a6ab-d5e14e3a71a7,MANGO likes you,Retail,Retail,No,Needs review,Low,Yes,Accumulated by Spending (redeemable for spending),Cashback / Direct Discounts / Coupons; Partner Benefits; Personalisation,Rule-derived from legacy data (provisional),,Y,N
4cc78cfe-938a-4912-b54d-a35068ba10d0,Monster Energy,Food & Beverage,Retail,No,Needs review,Low,Yes,Accumulated by Spending (redeemable for spending),Cashback / Direct Discounts / Coupons; Experiential Exclusivity; Partner Benefits,Rule-derived from legacy data (provisional),,Y,N
3288ceea-0d03-4288-819b-fc1d361a930c,My Nivea,Retail,Retail,No,Needs review,Low,Yes,Accumulated by Spending (redeemable for spending),Personalisation,Rule-derived from legacy data (provisional),,Y,N
3251c159-9b1e-4def-832f-007a2c265537,My Rituals,Retail,Retail,No,Needs review,Low,Yes,,Community & Networking; Experiential Exclusivity; Personalisation,Rule-derived from legacy data (provisional),,Y,N
8c934cb4-2ec6-4df6-9c79-a3cf6c35fce1,Nespresso & You,Food & Beverage,Retail,No,Needs review,High,Yes,Spending at Brand/Partners - Lifetime & Cumulative,Service Exclusivity & Priority Access,Team coding (Excel),Industry: CPG brand -> Retail under the new rule. CONFLICT: the Excel keeps it in F&B.,N,N
3108eeee-70f4-43b4-93dd-00f41e081a73,Nestle Collect,Food & Beverage,Retail,No,Needs review,High,Yes,"Accumulated by Actions (redeemable for spending); Accumulated by Spending (redeemable for spending); Create Account (e.g. Card, App, automatic, etc); Spending at Brand/Partners - Temporary",Partner Benefits; Sustainability & Charitable Giving,Team coding (Excel),Industry: CPG brand -> Retail under the new rule. CONFLICT: the Excel keeps it in F&B.,N,N
ad3bd911-812b-4d60-8799-b3cf378ceee7,Nike Membership,Fitness & Wellness,Retail,No,Needs review,Low,Yes,,Cashback / Direct Discounts / Coupons; Community & Networking; Experiential Exclusivity; Personalisation; Service Exclusivity & Priority Access,Rule-derived from legacy data (provisional),,Y,N
4aad3ebb-ccca-40c4-8f3a-c9aa538523a8,OUAI Obsessed,Retail,Retail,No,Needs review,Low,Yes,Accumulated by Spending (redeemable for spending),Community & Networking; Experiential Exclusivity; Personalisation; Service Exclusivity & Priority Access,Rule-derived from legacy data (provisional),,Y,N
45cb56e4-8e14-4bc3-86b1-2ab22a9ed6e1,Oura Subscription,Fitness & Wellness,Retail,No,Needs review,Low,Yes,Paid Subscription,Personalisation,Rule-derived from legacy data (provisional),Industry: Wearable/connected-hardware brand: consumer goods. Needs a non-core home (decision). || No legacy mechanism data,N,N
44613444-f490-4efa-8997-62466d9dc952,Patagonia Pro Program,Retail,Retail,No,Needs review,Low,Yes,,Cashback / Direct Discounts / Coupons; Experiential Exclusivity,Rule-derived from legacy data (provisional),,Y,N
989e1232-3bea-4d15-8005-879e0734ebd5,REI Membership,Retail,Retail,No,Needs review,Low,Yes,Accumulated by Spending (redeemable for spending); Paid Subscription,Cashback / Direct Discounts / Coupons; Community & Networking; Experiential Exclusivity,Rule-derived from legacy data (provisional),,Y,N
dccf01ef-59b2-4b1c-8019-a1faef3540b8,Target Circle,Retail,Retail,No,Needs review,Low,Yes,Accumulated by Spending (redeemable for spending); Paid Subscription,Cashback / Direct Discounts / Coupons; Service Exclusivity & Priority Access,Rule-derived from legacy data (provisional),,Y,N
bc66c2de-b909-4412-9573-2a96f5a05135,TastyRewards,Food & Beverage,Retail,No,Needs review,Low,Yes,Accumulated by Spending (redeemable for spending),Cashback / Direct Discounts / Coupons; Experiential Exclusivity; Partner Benefits,Rule-derived from legacy data (provisional),,Y,N
c78f68af-fc84-4b80-9165-176f6cb12dee,TaylorMade Rewards,Golf,Retail,No,Insufficient evidence,Low,Yes,Accumulated by Spending (redeemable for spending),,Rule-derived from legacy data (provisional),"No legacy benefit data || Industry: Golf equipment manufacturer rewards = consumer goods, not a golf venue/club/membership. Confirm.",N,N
4e8d4f29-a22d-4a6d-98fd-90b51ecad4c7,Team Titleist,Golf,Retail,No,Insufficient evidence,Low,Yes,,Community & Networking; Experiential Exclusivity,Rule-derived from legacy data (provisional),"No legacy benefit data || Industry: Golf equipment manufacturer rewards = consumer goods, not a golf venue/club/membership. Confirm.",N,N
aa378f6a-7a8b-4fb2-8d76-a742506b0054,The 1,Retail,Retail,No,Needs review,Low,Yes,Accumulated by Spending (redeemable for spending),Cashback / Direct Discounts / Coupons; Experiential Exclusivity; Partner Benefits; Service Exclusivity & Priority Access,Rule-derived from legacy data (provisional),,Y,N
b43590c4-30ac-456c-9e1e-9cbfd518cf52,The North Face XPLR Pass,Retail,Retail,No,Needs review,Low,Yes,Accumulated by Spending (redeemable for spending),Experiential Exclusivity; Service Exclusivity & Priority Access,Rule-derived from legacy data (provisional),,Y,N
2d18b7cb-16f5-4fe5-9488-5ee2decb266c,The club,Food & Beverage,Retail,No,Needs review,Low,Yes,Accumulated by Spending (redeemable for spending),Cashback / Direct Discounts / Coupons; Experiential Exclusivity; Partner Benefits,Rule-derived from legacy data (provisional),,Y,N
5ea3e3ef-85b8-48b7-a9b5-450afcb193b6,Ulta Beauty's Ultamate Rewards,Retail,Retail,No,Needs review,Low,Yes,Accumulated by Spending (redeemable for spending),Partner Benefits; Service Exclusivity & Priority Access,Rule-derived from legacy data (provisional),,Y,N
9af71b32-6849-4810-8a23-e6930d9d901e,WHOOP Membership,Fitness & Wellness,Retail,No,Needs review,Low,Yes,Paid Subscription,Personalisation,Rule-derived from legacy data (provisional),Industry: Wearable/connected-hardware brand: consumer goods. Needs a non-core home (decision).,N,N
5e9ffd50-4c65-4ed0-8311-3e81abb8a422,Walmart+,Retail,Retail,No,Needs review,Low,Yes,Paid Subscription,Cashback / Direct Discounts / Coupons; Partner Benefits,Rule-derived from legacy data (provisional),,Y,N
3059b699-7b2a-4d92-8c8d-d2b44d42d697,Wine Access Michelin Club,Food & Beverage,Retail,No,Insufficient evidence,Low,Yes,Paid Subscription,Cashback / Direct Discounts / Coupons; Partner Benefits,Rule-derived from legacy data (provisional),"No legacy benefit data || Industry: Online wine retailer subscription, not a restaurant. Alternative: stays F&B.",N,N
1945f322-63de-45b5-92cb-7f0d401923d9,app Alimenta Sorrisos,Food & Beverage,Retail,No,Needs review,High,Yes,Accumulated by Spending (redeemable for spending),Cashback / Direct Discounts / Coupons,Team coding (Excel),Industry: CPG brand -> Retail under the new rule. CONFLICT: the Excel keeps it in F&B.,N,N
a696ba8f-be64-4bf5-8133-73d0eaa58bc6,lululemon Membership,Fitness & Wellness,Retail,No,Needs review,Low,Yes,,Experiential Exclusivity; Partner Benefits; Personalisation; Service Exclusivity & Priority Access,Rule-derived from legacy data (provisional),,Y,N
d44693c5-91c0-4f5e-a270-885fd5a332f0,AAdvantage Business,Travel & Mobility,Travel & Mobility,No,Needs review,Low,Yes,Accumulated by Spending (redeemable for spending),Cashback / Direct Discounts / Coupons; Partner Benefits; Service Exclusivity & Priority Access,Rule-derived from legacy data (provisional),,Y,N
be5d797a-a6a5-4a25-a8c9-20ade6c24435,Advantage Points,Golf,Travel & Mobility,No,Needs review,Medium,Yes,"Create Account (e.g. Card, App, automatic, etc); Accumulated by Spending (redeemable for spending)",Personalisation; Cashback / Direct Discounts / Coupons; Partner Benefits,"Official page (pass 1, Medium)","Pass-1 flag: It is a travel-package agency card (Lisbon Package), adjacent to Golf, not a golf venue. || Industry: Pass 1: travel-package agency card (Lisbon Package), adjacent to Golf, not a golf venue.",N,N
f7669741-74e0-4e8c-968f-fcbfa529c0b8,Atmos Rewards,Travel & Mobility,Travel & Mobility,No,Needs review,Low,Yes,Accumulated by Spending (redeemable for spending),Partner Benefits; Service Exclusivity & Priority Access; Upgrades & Complimentary Offers,Rule-derived from legacy data (provisional),,Y,N
194fd881-f01a-4017-800d-960a806b6dfa,Avis Preferred,Travel & Mobility,Travel & Mobility,No,Needs review,Low,Yes,Accumulated by Spending (redeemable for spending),Cashback / Direct Discounts / Coupons; Service Exclusivity & Priority Access; Upgrades & Complimentary Offers,Rule-derived from legacy data (provisional),,Y,N
e58903f5-249d-4bee-9b1a-1661f9bb215a,Booking.com Genius,Travel & Mobility,Travel & Mobility,No,Needs review,Low,Yes,,Cashback / Direct Discounts / Coupons,Rule-derived from legacy data (provisional),,Y,N
bb45e184-7f48-477c-b322-9898430ace4d,British Airways Executive Club,Travel & Mobility,Travel & Mobility,No,Needs review,Low,Yes,Accumulated by Spending (redeemable for spending),Cashback / Direct Discounts / Coupons; Partner Benefits; Service Exclusivity & Priority Access; Upgrades & Complimentary Offers,Rule-derived from legacy data (provisional),,Y,N
b1587796-0463-41a4-ab33-3bd0da3c1398,CartaFRECCIA,Travel & Mobility,Travel & Mobility,No,Needs review,Low,Yes,Accumulated by Spending (redeemable for spending),Cashback / Direct Discounts / Coupons,Rule-derived from legacy data (provisional),,Y,N
805f4999-dc80-4b59-a7aa-08fe7064ec3c,Club Eurostar,Travel & Mobility,Travel & Mobility,No,Needs review,Low,Yes,Accumulated by Spending (redeemable for spending),Service Exclusivity & Priority Access; Upgrades & Complimentary Offers,Rule-derived from legacy data (provisional),,Y,N
9bb17498-94cf-46c6-92e4-e9f3ce239073,Costa Club,Travel & Mobility,Travel & Mobility,No,Needs review,Low,Yes,Accumulated by Spending (redeemable for spending),Cashback / Direct Discounts / Coupons; Service Exclusivity & Priority Access,Rule-derived from legacy data (provisional),"Industry: Cruise line: borderline Marine; kept Travel & Mobility (passenger product, not boating/yachting/marina).",N,N
bbb5b744-7593-4521-a59b-0a813d5e6eeb,Crown & Anchor Society,Travel & Mobility,Travel & Mobility,No,Needs review,Low,Yes,Accumulated by Spending (redeemable for spending),Cashback / Direct Discounts / Coupons; Service Exclusivity & Priority Access,Rule-derived from legacy data (provisional),"Industry: Cruise line: borderline Marine; kept Travel & Mobility (passenger product, not boating/yachting/marina).",N,N
403a2498-8de9-4cb8-b506-8e909848de99,Delta SkyMiles,Travel & Mobility,Travel & Mobility,No,Needs review,Low,Yes,Accumulated by Spending (redeemable for spending),Partner Benefits; Service Exclusivity & Priority Access; Upgrades & Complimentary Offers,Rule-derived from legacy data (provisional),,Y,N
81a98a00-8f90-43cc-bc54-96a5c2226d78,Emirates Skywards,Travel & Mobility,Travel & Mobility,No,Needs review,Low,Yes,Accumulated by Spending (redeemable for spending),Partner Benefits; Service Exclusivity & Priority Access; Upgrades & Complimentary Offers,Rule-derived from legacy data (provisional),,Y,N
91fe08e0-cca0-4554-ae92-13cc308a6019,Europcar Privilege,Travel & Mobility,Travel & Mobility,No,Needs review,Low,Yes,Accumulated by Spending (redeemable for spending),Cashback / Direct Discounts / Coupons; Partner Benefits; Service Exclusivity & Priority Access,Rule-derived from legacy data (provisional),,Y,N
23de101d-f404-4abb-a26a-6beca7dc2b2f,GrabRewards,Travel & Mobility,Travel & Mobility,No,Needs review,Low,Yes,Accumulated by Spending (redeemable for spending),Cashback / Direct Discounts / Coupons; Partner Benefits; Service Exclusivity & Priority Access,Rule-derived from legacy data (provisional),,Y,N
2aa3f39a-e037-473d-82ac-c6f0b618dfd1,Hertz Gold Plus Rewards,Travel & Mobility,Travel & Mobility,No,Needs review,Low,Yes,Accumulated by Spending (redeemable for spending),Service Exclusivity & Priority Access; Upgrades & Complimentary Offers,Rule-derived from legacy data (provisional),,Y,N
9d3d72a5-b8cd-46be-8d3d-47409ed8da62,KrisFlyer / PPS Club,Travel & Mobility,Travel & Mobility,No,Needs review,Low,Yes,Accumulated by Spending (redeemable for spending),Partner Benefits; Service Exclusivity & Priority Access; Upgrades & Complimentary Offers,Rule-derived from legacy data (provisional),,Y,N
74aeb41f-220c-4dfa-bfbe-677c5c41bbda,MSC Voyagers Club,Travel & Mobility,Travel & Mobility,No,Needs review,Low,Yes,,Cashback / Direct Discounts / Coupons; Service Exclusivity & Priority Access,Rule-derived from legacy data (provisional),"Industry: Cruise line: borderline Marine; kept Travel & Mobility (passenger product, not boating/yachting/marina).",N,N
df3e1ed5-912c-457c-8ae8-26641f742b4d,Miles & More,Travel & Mobility,Travel & Mobility,No,Needs review,Low,Yes,Accumulated by Spending (redeemable for spending),Partner Benefits; Service Exclusivity & Priority Access; Upgrades & Complimentary Offers,Rule-derived from legacy data (provisional),,Y,N
b765e05f-2122-4a6d-8e81-411a969db3c5,OneKey,Travel & Mobility,Travel & Mobility,No,Needs review,Low,Yes,Accumulated by Spending (redeemable for spending),Cashback / Direct Discounts / Coupons; Service Exclusivity & Priority Access,Rule-derived from legacy data (provisional),,Y,N
f6598e5e-ff93-4469-b761-bc496e1e644c,Qantas Frequent Flyer,Travel & Mobility,Travel & Mobility,No,Needs review,Low,Yes,Accumulated by Spending (redeemable for spending),Partner Benefits; Service Exclusivity & Priority Access; Upgrades & Complimentary Offers,Rule-derived from legacy data (provisional),,Y,N
6a74c4d8-0d34-475c-a94f-8ee7c83fda54,Rapid Rewards,Travel & Mobility,Travel & Mobility,No,Needs review,Low,Yes,Accumulated by Spending (redeemable for spending),Partner Benefits; Service Exclusivity & Priority Access,Rule-derived from legacy data (provisional),,Y,N
5923b522-22c7-419b-a05e-c0f334c76a19,Ryanair Prime,Travel & Mobility,Travel & Mobility,No,Needs review,Low,Yes,Paid Subscription,Cashback / Direct Discounts / Coupons; Service Exclusivity & Priority Access,Rule-derived from legacy data (provisional),,Y,N
57a45d3d-5767-4576-8ad4-94931b3b1507,SNCF Connect,Travel & Mobility,Travel & Mobility,No,Needs review,Low,Yes,Accumulated by Spending (redeemable for spending),Cashback / Direct Discounts / Coupons,Rule-derived from legacy data (provisional),,Y,N
e3d560d0-c419-4e55-8c91-ba8ed2e3460e,TAP Miles&Go,Travel & Mobility,Travel & Mobility,No,Needs review,Low,Yes,Accumulated by Spending (redeemable for spending),Partner Benefits; Service Exclusivity & Priority Access; Upgrades & Complimentary Offers,Rule-derived from legacy data (provisional),,Y,N
02f595a7-d8e8-4dff-bf1e-30d21ccf6e57,TrueBlue,Travel & Mobility,Travel & Mobility,No,Needs review,Low,Yes,Accumulated by Spending (redeemable for spending),Partner Benefits; Service Exclusivity & Priority Access,Rule-derived from legacy data (provisional),,Y,N
a21338ee-6974-48e0-b545-1f38dff16054,United MileagePlus,Travel & Mobility,Travel & Mobility,No,Needs review,Low,Yes,Accumulated by Spending (redeemable for spending),Partner Benefits; Service Exclusivity & Priority Access; Upgrades & Complimentary Offers,Rule-derived from legacy data (provisional),,Y,N
d4a5a7a4-c5bb-4a25-8440-37fd4134232b,Velocity Frequent Flyer – Status,Travel & Mobility,Travel & Mobility,No,Needs review,Low,Yes,Accumulated by Spending (redeemable for spending),Partner Benefits; Service Exclusivity & Priority Access; Upgrades & Complimentary Offers,Rule-derived from legacy data (provisional),,Y,N
9a31aeee-5e93-4ad0-b2d5-2232b92fe955,Volaris V.Club,Travel & Mobility,Travel & Mobility,No,Needs review,Low,Yes,Paid Subscription,Cashback / Direct Discounts / Coupons; Partner Benefits,Rule-derived from legacy data (provisional),,Y,N
59e6c7de-4f19-48ab-898d-0cace54ba42a,Wizz Discount Club,Travel & Mobility,Travel & Mobility,No,Needs review,Low,Yes,Paid Subscription,Cashback / Direct Discounts / Coupons; Service Exclusivity & Priority Access,Rule-derived from legacy data (provisional),,Y,N
e6bf564c-eeff-42c4-9777-0213c15f6c93,easyJet Plus,Travel & Mobility,Travel & Mobility,No,Needs review,Low,Yes,Paid Subscription,Cashback / Direct Discounts / Coupons; Service Exclusivity & Priority Access,Rule-derived from legacy data (provisional),,Y,N
