programme,industry,source_url,page_status,mechanisms_14,mechanism_evidence,benefits_18,benefit_evidence,not_documented,confidence,flags
Pestana Guest Club,Hotels & Hospitality,https://www.pousadas.pt/en/terms-conditions-pestana-guest-club,OK,"Create Account (e.g. Card, App, automatic, etc); Spending at Brand/Partners - Temporary; Access by Ownership; Invite","Create Account: ""register and book their stays through the PESTANA HOTEL GROUP websites"". Temporary: Silver/Gold by nights stayed ""over the course of one year""; ""validity of the tier level ... is one year"". Ownership+Invite: Diamond ""registration via a link sent to customers who are part of the Pestana Vacation Club or Residences, or by invitation"".",Cashback / Direct Discounts / Coupons; Upgrades & Complimentary Offers; Convenience Benefits; Service Exclusivity & Priority Access; Personalised Gifts; Sustainability & Charitable Giving,"Discounts: ""10% / 15% / 20% discount on the stay"". Upgrade: ""Free room upgrade""; welcome gift. Convenience: early check-in / late check-out. Priority: ""Telephone line with priority customer support"". Birthday: ""A birthday voucher"". ""Travel for Change programme"".","Paid fee, points, referral, missions, ambassador not mentioned",High,"Tiers are by NIGHTS, not spend: coded Temporary (see codebook question 1). Hub v3 has 'Spend-based earning' and 'External partner network' but the page shows no points or partners: check."
World of Hyatt,Hotels & Hospitality,https://world.hyatt.com/content/gp/en/program-overview.html,BLOCKED (403),Accumulated by Spending (redeemable for spending); Spending at Brand/Partners - Temporary,From Hub data only (not re-verified): v3 'Spend-based earning'; tiers by nights 10/30/60.,Service Exclusivity & Priority Access; Upgrades & Complimentary Offers; Partner Benefits; Social / Transferable Benefits,"From Hub only: old benefits Upgrades, Priority Access, Partner Benefits; feature 'Guest of Honor ... gift their top-tier status perks' (Social/Transferable).",Everything on the official page,Low,Page blocked: code manually. Nights-based tiers (codebook question 1).
Six Senses Discovery,Hotels & Hospitality,https://www.ihg.com/onerewards/content/us/en/home,WRONG URL / BLOCKED,,Not coded.,,Not coded.,Everything,Low,"DATA ERROR: source_url is the IHG One Rewards page (same as IHG One Rewards row) and the Hub tiers/features describe IHG. Check whether Six Senses Discovery is a separate programme or a duplicate of IHG, and fix the URL."
SLH Club,Hotels & Hospitality,https://slh.com/about-slh/our-club,OK,"Create Account (e.g. Card, App, automatic, etc); Spending at Brand/Partners - Temporary","Create Account: ""Sign up"" / ""Log in"", mobile app. Tiers: ""for every night you booked"" (Club 01/02/03). Reset not stated.","Cashback / Direct Discounts / Coupons; Convenience Benefits; Upgrades & Complimentary Offers; Service Exclusivity & Priority Access; Partner Benefits; Experiential Exclusivity; Sweepstakes, Contests & Prize Draws; Sustainability & Charitable Giving","Club Rate access; ""flexible check-in/check-out""; ""complimentary continental breakfast, room upgrades"" (Club 02); ""reward night voucher"" (Club 03); ""occasional priority access to the SLH Bonus Rate""; ""special partner offers""; ""access to exclusive events""; ""the chance to win free nights""; ""we'll plant two trees"".","Paid fee ('Join free'), points, referral not mentioned",Medium,Nights-based tier with NO stated reset: Temporary or Lifetime? Needs the T&Cs. Previous INVITED members transferred automatically (legacy invite).
Wyndham Rewards,Hotels & Hospitality,https://www.wyndhamhotels.com/wyndham-rewards,OK (Portuguese version),"Create Account (e.g. Card, App, automatic, etc); Accumulated by Spending (redeemable for spending); Spending at Brand/Partners - Temporary","Create Account: ""Crie sua conta"". Points: ""Ganhe 10 pontos por dólar"" (spend), redeem ""noites gratuitas a partir de 7.500 pontos"". Tiers by nights (Blue/Gold/Platinum/Diamond), thresholds and reset not on this page.",Cashback / Direct Discounts / Coupons; Convenience Benefits; Points Inflation,"""Economize até 15%""; ""Check-in e check-out pelo celular"", ""Wi-Fi grátis""; ""Ganhe até 3 Noites Grátis com a nossa oferta de 4X pontos"".","Paid fee, referral, ambassador, upgrades, family not mentioned",Medium,Thresholds come from Hub tiers (10/20/40 nights). Page served in Portuguese.
IHG One Rewards,Hotels & Hospitality,https://www.ihg.com/onerewards/content/us/en/home,BLOCKED (403),Accumulated by Spending (redeemable for spending); Spending at Brand/Partners - Temporary,"From Hub data only: v3 'Spend-based earning'; tiers Nights or points (Gold 10 nights or 10,000 points).",Upgrades & Complimentary Offers; Service Exclusivity & Priority Access; Partner Benefits,"From Hub only: old benefits Upgrades, Priority Access, Partner Benefits; feature 'Points and cash bookings'.",Everything on the official page,Low,Page blocked: code manually. Tiers by 'nights or points'.
Vilamoura Golf Membership,Golf,https://www.vilamouragolf.com/en/memberships/,OK (subpage; Hub URL is the homepage),Paid Subscription,"""Annual Fee subscription is valid ... for 12 consecutive months"" (also 6- and 3-month); EUR 4,820 individual / 7,718 couple. No spend or frequency threshold.",Early Access; Cashback / Direct Discounts / Coupons; Social / Transferable Benefits,"""Tee-off time bookings available up to 6 days in advance""; ""40% discount on the Green Fee for the Old Course""; ""40% discount on the Green Fee for the Subscriber's guests"".","Points, missions, referral, ownership, events, community not mentioned",High,Update source_url to /en/memberships/. 'Couple' plan priced but no family benefit stated.
Pestana Golf Membership,Golf,https://pestanagolf.com/pt-pt/membros/,OK (price not on page),Paid Subscription,"Hub tier price EUR 3,990; the page lists 'Opção de Membro' (course options) and an application form but no price.",Social / Transferable Benefits; Cashback / Direct Discounts / Coupons; Early Access,"""Um jogador pode apresentar até 3 convidados por dia com até 50% de desconto""; ""Descontos exclusivos até 15%"" (restaurants, bars, pro shop; Pestana Group hotels); ""Até 14 dias de Tee Time Privileges"".","Fee on page, points, referral not mentioned",Medium,Own-group discounts (Pestana hotels) have no clear benefit slot (codebook question 2). Fee confirmed only by Hub data.
Vale do Lobo Golf Club Membership,Golf,https://www.valedolobo.com/wp-content/uploads/2025/01/2025_Golf_Club_Membership.pdf,UNREADABLE PDF,Paid Subscription,"From Hub tiers only: admittance fee EUR 10,000 (non-resident) + annual fee EUR 7,995.",,Not coded.,Everything in the PDF,Low,Open the PDF manually. 'Non-Resident' fee suggests a resident category: possible Access by Ownership discount.
Topgolf Memberships,Golf,https://topgolf.com/us/pricing/memberships/,THIN (landing page),Paid Subscription,"From Hub tier: PlayMore USD 220 (subscription). Page itself only says ""memberships and passes fit the way you play"".",,"Page says only ""Exclusive Perks & Benefits"".","Benefits, tiers, enrolment",Low,Needs a venue-specific membership page.
Access by Troon,Golf,https://golfwithaccess.com/membership,OK,"Paid Subscription; Create Account (e.g. Card, App, automatic, etc); Accumulated by Spending (redeemable for spending)","Paid: Access Premium USD 249/yr, Premium+ 399/yr, Elite 1,999/yr, ""valid for 1 year after the purchase date"". Account: ""Sign up""/""Log in"". Points: ""Every tee time ... and every eligible Access Shop purchase earns you points"", redeem ""for rounds, gear, or shop credit"".",Cashback / Direct Discounts / Coupons; Early Access; Experiential Exclusivity; Social / Transferable Benefits; Flexibility & Credit,"""15% off every tee time""; ""10-15% back in Access Shop credit""; ""Exclusive early access to Member for a Day events""; guest passes ""3, 6, or unlimited""; ""Annual shop discounts $100, $150 or up to $500"".","Referral, missions, ambassador, birthday, family not mentioned",High,Hub also lists free points tiers (Silver/Gold/Platinum); the page shows the paid tiers. Hybrid programme.
JNcQUOI Club,Food & Beverage,https://www.jncquoi.com/en/membership/,THIN,Invite; Paid Subscription,"Invite: ""thorough application process which requires them to be recommended by existing members"". Paid: Hub tier annual dues EUR 2,750 (not on page).",Experiential Exclusivity; Service Exclusivity & Priority Access,"From Hub v3 only: Member experiences & events, Privileged access. Page lists no benefits.","Fees, benefits, tiers on the page",Low,Is 'recommended by existing members' the Invite mechanism? (codebook question 3)
Soho House,Food & Beverage,https://www.sohohouse.com/,OK (partial),Paid Subscription,"Hub tiers: Local House EUR 950, Every House EUR 750 (fee not on page). Page: ""Apply for membership"".",Experiential Exclusivity; Community & Networking,"""Book more than 2,400 monthly events and experiences""; ""Access to 48 Houses in 19 countries""; ""Train in 22 gyms, enjoy treatments in 11 spas""; ""connect with other members in club spaces and restaurants"".","Fees, referral/sponsor requirement not on the page",Medium,"Cross-house access = own-group benefit, no clear slot (codebook question 2)."
Starbucks Reward,Food & Beverage,https://www.starbucks.pt/rewards,OK (Portugal),"Create Account (e.g. Card, App, automatic, etc); Accumulated by Spending (redeemable for spending); Spending at Brand/Partners - Temporary","Account: ""Descarregue a app Starbucks Rewards"". Points: ""ganhe 100 estrelas por cada euro de consumo""; ""Com 2.500 estrelas comece a desbloquear recompensas"". Tier: ""Acumule 10.000 estrelas em 12 meses para aceder ao nível Gold"".",Personalised Gifts; Personalisation; Early Access; Cashback / Direct Discounts / Coupons,"""Uma bebida de oferta no seu aniversário""; ""personalizar as suas bebidas sem custo adicional""; ""acesso antecipado a novos produtos""; ""ofertas exclusivas"".","Fee, referral, missions not mentioned",High,"Page says Gold = 10,000 stars in 12 months; Hub tier row says Gold = 500 points. Fix the Hub tier."
Annabel's (Birley Clubs),Food & Beverage,https://annabels.co.uk/,EMPTY PAGE,Paid Subscription; Invite,"From Hub only: annual subscription GBP 3,250 + joining fee GBP 1,750; access = Invitation only.",Experiential Exclusivity,From Hub v3 only (Member experiences & events).,Everything on the page,Low,Page has only navigation: find the membership page.
Nando's Rewards,Food & Beverage,https://www.nandos.co.uk/rewards,OK,"Create Account (e.g. Card, App, automatic, etc); Do X, Get Y","Account: ""Log into your Nando's account or make one"". Do X, Get Y: ""Get one [Chilli] every day you spend £7 or more""; ""Get 3 Chillies for a Green Reward, 6 for an Orange Reward and 10 for a Red Reward"".",Upgrades & Complimentary Offers,"""Get free food, fast""; ""bonus Chilli just for registering""; ""Rewards expire after one year"".","Fee, referral, tiers not mentioned",Medium,"Hub v3 says 'Spend-based earning': it is a threshold-based stamp scheme (Do X, Get Y) with a daily spend condition, not a points-per-euro scheme."
Solinca Membership,Fitness & Wellness,https://www.solinca.pt/,OK (partial),Paid Subscription,"Hub tiers: Classic EUR 2.99 / 4.99 (price basis not stated); page: ""Adesão online"".",Upgrades & Complimentary Offers; Partner Benefits; Family Benefits,"""Avaliações Físicas e Nutrição incluídas""; Continente partner campaign (Hub feature, only referenced on page); ""Atividades para os mais pequenos"".","Fees, tiers, referral on the page",Low,Price period (week? month?) is unclear in the Hub. Family benefit based on kids' activities only.
Equinox+,Fitness & Wellness,https://www.equinoxplus.com/,OK (partial),"Paid Subscription; Create Account (e.g. Card, App, automatic, etc)","Hub tier: app-only subscription USD 39.99. Page: ""Start your complimentary 7-day trial""; app download.",,Page lists classes and brands (core product); no member benefit documented.,Benefits,Low,Core product access is not coded as a benefit (codebook question 4).
ClassPass,Fitness & Wellness,https://classpass.com/plans,BLOCKED (403),Paid Subscription,"From Hub tiers: Starter USD 19, Core USD 55.",Flexibility & Credit; Partner Benefits,"From Hub features: ""Monthly credit allotment rolls over""; credits spent ""across thousands of independent partner studios"".",Everything on the page,Low,Page blocked: code manually.
The Campus Membership,Fitness & Wellness,https://www.thecampusqdl.com/en/membership/,OK,Paid Subscription,"""€2500 PER YEAR"" full annual; ""€340 PER MONTH""; ""€70 PER DAY""; racket membership ""€990 PER YEAR"".",Cashback / Direct Discounts / Coupons; Family Benefits; Social / Transferable Benefits; Upgrades & Complimentary Offers,"""30% discount on private lessons and group coaching""; ""50% discount on tournaments""; ""Junior ... Kids Under 12"" pricing; ""1 x joint member can be added ... with 25% discount""; ""Free court rentals"".","Points, referral, ownership/resident category, community not mentioned",High,Whether QdL residents get a different price is not documented.
