programme_id,programme,industry,source_url,page_status,confidence,would_write,mechanisms_14,mechanism_evidence,benefits_18,benefit_evidence,not_documented,flags
54889c2c-7a6e-4771-8538-d6549a6fdad5,Pestana Guest Club,Hotels & Hospitality,https://www.pousadas.pt/en/terms-conditions-pestana-guest-club,OK,High,Suggested,"Create Account (e.g. Card, App, automatic, etc); Spending at Brand/Partners - Temporary; Access by Ownership; Invite","Create Account: ""register and book their stays through the PESTANA HOTEL GROUP websites"". Temporary: Silver/Gold by nights stayed ""over the course of one year""; ""validity of the tier level ... is one year"". Ownership+Invite: Diamond ""registration via a link sent to customers who are part of the Pestana Vacation Club or Residences, or by invitation"".",Cashback / Direct Discounts / Coupons; Upgrades & Complimentary Offers; Convenience Benefits; Service Exclusivity & Priority Access; Personalised Gifts; Sustainability & Charitable Giving,"Discounts: ""10% / 15% / 20% discount on the stay"". Upgrade: ""Free room upgrade""; welcome gift. Convenience: early check-in / late check-out. Priority: ""Telephone line with priority customer support"". Birthday: ""A birthday voucher"". ""Travel for Change programme"".","Paid fee, points, referral, missions, ambassador not mentioned","Tiers are by NIGHTS, not spend: coded Temporary (see codebook question 1). Hub v3 has 'Spend-based earning' and 'External partner network' but the page shows no points or partners: check."
e33ef89d-f2b9-4649-88f1-587cda43f72b,World of Hyatt,Hotels & Hospitality,https://world.hyatt.com/content/gp/en/program-overview.html,BLOCKED (403),Low,note only,Accumulated by Spending (redeemable for spending); Spending at Brand/Partners - Temporary,From Hub data only (not re-verified): v3 'Spend-based earning'; tiers by nights 10/30/60.,Service Exclusivity & Priority Access; Upgrades & Complimentary Offers; Partner Benefits; Social / Transferable Benefits,"From Hub only: old benefits Upgrades, Priority Access, Partner Benefits; feature 'Guest of Honor ... gift their top-tier status perks' (Social/Transferable).",Everything on the official page,Page blocked: code manually. Nights-based tiers (codebook question 1).
a56f4e0f-ba71-4e5f-82df-81d6ff899e6b,Six Senses Discovery,Hotels & Hospitality,https://www.ihg.com/onerewards/content/us/en/home,WRONG URL / BLOCKED,Low,note only,,Not coded.,,Not coded.,Everything,"DATA ERROR: source_url is the IHG One Rewards page (same as IHG One Rewards row) and the Hub tiers/features describe IHG. Check whether Six Senses Discovery is a separate programme or a duplicate of IHG, and fix the URL."
b906b0b1-6771-4ee5-8b7d-496c6fb466b6,SLH Club,Hotels & Hospitality,https://slh.com/about-slh/our-club,OK,Medium,Suggested,"Create Account (e.g. Card, App, automatic, etc); Spending at Brand/Partners - Temporary","Create Account: ""Sign up"" / ""Log in"", mobile app. Tiers: ""for every night you booked"" (Club 01/02/03). Reset not stated.","Cashback / Direct Discounts / Coupons; Convenience Benefits; Upgrades & Complimentary Offers; Service Exclusivity & Priority Access; Partner Benefits; Experiential Exclusivity; Sweepstakes, Contests & Prize Draws; Sustainability & Charitable Giving","Club Rate access; ""flexible check-in/check-out""; ""complimentary continental breakfast, room upgrades"" (Club 02); ""reward night voucher"" (Club 03); ""occasional priority access to the SLH Bonus Rate""; ""special partner offers""; ""access to exclusive events""; ""the chance to win free nights""; ""we'll plant two trees"".","Paid fee ('Join free'), points, referral not mentioned",Nights-based tier with NO stated reset: Temporary or Lifetime? Needs the T&Cs. Previous INVITED members transferred automatically (legacy invite).
fd84cb70-c689-4e9c-a11a-aae728b3c89e,Wyndham Rewards,Hotels & Hospitality,https://www.wyndhamhotels.com/wyndham-rewards,OK (Portuguese version),Medium,Suggested,"Create Account (e.g. Card, App, automatic, etc); Accumulated by Spending (redeemable for spending); Spending at Brand/Partners - Temporary","Create Account: ""Crie sua conta"". Points: ""Ganhe 10 pontos por dólar"" (spend), redeem ""noites gratuitas a partir de 7.500 pontos"". Tiers by nights (Blue/Gold/Platinum/Diamond), thresholds and reset not on this page.",Cashback / Direct Discounts / Coupons; Convenience Benefits; Points Inflation,"""Economize até 15%""; ""Check-in e check-out pelo celular"", ""Wi-Fi grátis""; ""Ganhe até 3 Noites Grátis com a nossa oferta de 4X pontos"".","Paid fee, referral, ambassador, upgrades, family not mentioned",Thresholds come from Hub tiers (10/20/40 nights). Page served in Portuguese.
56df7b4c-59eb-4d18-82a0-d43d2498fc3f,IHG One Rewards,Hotels & Hospitality,https://www.ihg.com/onerewards/content/us/en/home,BLOCKED (403),Low,note only,Accumulated by Spending (redeemable for spending); Spending at Brand/Partners - Temporary,"From Hub data only: v3 'Spend-based earning'; tiers Nights or points (Gold 10 nights or 10,000 points).",Upgrades & Complimentary Offers; Service Exclusivity & Priority Access; Partner Benefits,"From Hub only: old benefits Upgrades, Priority Access, Partner Benefits; feature 'Points and cash bookings'.",Everything on the official page,Page blocked: code manually. Tiers by 'nights or points'.
b3f9e3cd-c65f-4ae6-94e1-6ca54c1e3614,Vilamoura Golf Membership,Golf,https://www.vilamouragolf.com/,OK (subpage; Hub URL is the homepage),High,Suggested,Paid Subscription,"""Annual Fee subscription is valid ... for 12 consecutive months"" (also 6- and 3-month); EUR 4,820 individual / 7,718 couple. No spend or frequency threshold.",Early Access; Cashback / Direct Discounts / Coupons; Social / Transferable Benefits,"""Tee-off time bookings available up to 6 days in advance""; ""40% discount on the Green Fee for the Old Course""; ""40% discount on the Green Fee for the Subscriber's guests"".","Points, missions, referral, ownership, events, community not mentioned",Update source_url to /en/memberships/. 'Couple' plan priced but no family benefit stated.
f9b2f7fe-238b-4a03-98e0-966bd386c18b,Pestana Golf Membership,Golf,https://pestanagolf.com/pt-pt/membros/,OK (price not on page),Medium,Suggested,Paid Subscription,"Hub tier price EUR 3,990; the page lists 'Opção de Membro' (course options) and an application form but no price.",Social / Transferable Benefits; Cashback / Direct Discounts / Coupons; Early Access,"""Um jogador pode apresentar até 3 convidados por dia com até 50% de desconto""; ""Descontos exclusivos até 15%"" (restaurants, bars, pro shop; Pestana Group hotels); ""Até 14 dias de Tee Time Privileges"".","Fee on page, points, referral not mentioned",Own-group discounts (Pestana hotels) have no clear benefit slot (codebook question 2). Fee confirmed only by Hub data.
f140f4ff-73aa-4502-89cf-0137e51305f8,Vale do Lobo Golf Club Membership,Golf,https://www.valedolobo.com/wp-content/uploads/2025/01/2025_Golf_Club_Membership.pdf,UNREADABLE PDF,Low,note only,Paid Subscription,"From Hub tiers only: admittance fee EUR 10,000 (non-resident) + annual fee EUR 7,995.",,Not coded.,Everything in the PDF,Open the PDF manually. 'Non-Resident' fee suggests a resident category: possible Access by Ownership discount.
8df36c63-44ef-47fc-b217-e864e085cf94,Topgolf Memberships,Golf,https://topgolf.com/us/pricing/memberships/,THIN (landing page),Low,note only,Paid Subscription,"From Hub tier: PlayMore USD 220 (subscription). Page itself only says ""memberships and passes fit the way you play"".",,"Page says only ""Exclusive Perks & Benefits"".","Benefits, tiers, enrolment",Needs a venue-specific membership page.
4de56ddc-6c77-4d7e-82d3-055933695930,Access by Troon,Golf,https://golfwithaccess.com/membership,OK,High,Suggested,"Paid Subscription; Create Account (e.g. Card, App, automatic, etc); Accumulated by Spending (redeemable for spending)","Paid: Access Premium USD 249/yr, Premium+ 399/yr, Elite 1,999/yr, ""valid for 1 year after the purchase date"". Account: ""Sign up""/""Log in"". Points: ""Every tee time ... and every eligible Access Shop purchase earns you points"", redeem ""for rounds, gear, or shop credit"".",Cashback / Direct Discounts / Coupons; Early Access; Experiential Exclusivity; Social / Transferable Benefits; Flexibility & Credit,"""15% off every tee time""; ""10-15% back in Access Shop credit""; ""Exclusive early access to Member for a Day events""; guest passes ""3, 6, or unlimited""; ""Annual shop discounts $100, $150 or up to $500"".","Referral, missions, ambassador, birthday, family not mentioned",Hub also lists free points tiers (Silver/Gold/Platinum); the page shows the paid tiers. Hybrid programme.
b8f54547-6777-4538-9b5a-727f3b668795,JNcQUOI Club,Food & Beverage,https://www.jncquoi.com/en/membership/,THIN,Low,note only,Invite; Paid Subscription,"Invite: ""thorough application process which requires them to be recommended by existing members"". Paid: Hub tier annual dues EUR 2,750 (not on page).",Experiential Exclusivity; Service Exclusivity & Priority Access,"From Hub v3 only: Member experiences & events, Privileged access. Page lists no benefits.","Fees, benefits, tiers on the page",Is 'recommended by existing members' the Invite mechanism? (codebook question 3)
8402d8bd-7d91-43b0-a9c3-538622373dfd,Soho House,Food & Beverage,https://www.sohohouse.com/,OK (partial),Medium,Suggested,Paid Subscription,"Hub tiers: Local House EUR 950, Every House EUR 750 (fee not on page). Page: ""Apply for membership"".",Experiential Exclusivity; Community & Networking,"""Book more than 2,400 monthly events and experiences""; ""Access to 48 Houses in 19 countries""; ""Train in 22 gyms, enjoy treatments in 11 spas""; ""connect with other members in club spaces and restaurants"".","Fees, referral/sponsor requirement not on the page","Cross-house access = own-group benefit, no clear slot (codebook question 2)."
600f4fb8-74b9-4c87-8e10-7d721d225635,Starbucks Reward,Food & Beverage,https://www.starbucks.pt/rewards,OK (Portugal),High,Suggested,"Create Account (e.g. Card, App, automatic, etc); Accumulated by Spending (redeemable for spending); Spending at Brand/Partners - Temporary","Account: ""Descarregue a app Starbucks Rewards"". Points: ""ganhe 100 estrelas por cada euro de consumo""; ""Com 2.500 estrelas comece a desbloquear recompensas"". Tier: ""Acumule 10.000 estrelas em 12 meses para aceder ao nível Gold"".",Personalised Gifts; Personalisation; Early Access; Cashback / Direct Discounts / Coupons,"""Uma bebida de oferta no seu aniversário""; ""personalizar as suas bebidas sem custo adicional""; ""acesso antecipado a novos produtos""; ""ofertas exclusivas"".","Fee, referral, missions not mentioned","Page says Gold = 10,000 stars in 12 months; Hub tier row says Gold = 500 points. Fix the Hub tier."
1a6728d0-b86b-4668-b593-5d625e08d3c1,Annabel's (Birley Clubs),Food & Beverage,https://annabels.co.uk/,EMPTY PAGE,Low,note only,Paid Subscription; Invite,"From Hub only: annual subscription GBP 3,250 + joining fee GBP 1,750; access = Invitation only.",Experiential Exclusivity,From Hub v3 only (Member experiences & events).,Everything on the page,Page has only navigation: find the membership page.
4e109b16-2995-4f2c-a046-b9ae74b789ea,Nando's Rewards,Food & Beverage,https://www.nandos.co.uk/rewards,OK,Medium,Suggested,"Create Account (e.g. Card, App, automatic, etc); Do X, Get Y","Account: ""Log into your Nando's account or make one"". Do X, Get Y: ""Get one [Chilli] every day you spend £7 or more""; ""Get 3 Chillies for a Green Reward, 6 for an Orange Reward and 10 for a Red Reward"".",Upgrades & Complimentary Offers,"""Get free food, fast""; ""bonus Chilli just for registering""; ""Rewards expire after one year"".","Fee, referral, tiers not mentioned","Hub v3 says 'Spend-based earning': it is a threshold-based stamp scheme (Do X, Get Y) with a daily spend condition, not a points-per-euro scheme."
17d6d4e4-494e-4ba5-aacf-0c98309a74a9,Solinca Membership,Fitness & Wellness,https://www.solinca.pt/,OK (partial),Low,note only,Paid Subscription,"Hub tiers: Classic EUR 2.99 / 4.99 (price basis not stated); page: ""Adesão online"".",Upgrades & Complimentary Offers; Partner Benefits; Family Benefits,"""Avaliações Físicas e Nutrição incluídas""; Continente partner campaign (Hub feature, only referenced on page); ""Atividades para os mais pequenos"".","Fees, tiers, referral on the page",Price period (week? month?) is unclear in the Hub. Family benefit based on kids' activities only.
60c92de4-5171-4a6f-93f6-14399a7d9ab0,Equinox+,Fitness & Wellness,https://www.equinoxplus.com/,OK (partial),Low,note only,"Paid Subscription; Create Account (e.g. Card, App, automatic, etc)","Hub tier: app-only subscription USD 39.99. Page: ""Start your complimentary 7-day trial""; app download.",,Page lists classes and brands (core product); no member benefit documented.,Benefits,Core product access is not coded as a benefit (codebook question 4).
b5fe264b-cfe4-4a51-b1a9-65152323be5a,ClassPass,Fitness & Wellness,https://classpass.com/plans,BLOCKED (403),Low,note only,Paid Subscription,"From Hub tiers: Starter USD 19, Core USD 55.",Flexibility & Credit; Partner Benefits,"From Hub features: ""Monthly credit allotment rolls over""; credits spent ""across thousands of independent partner studios"".",Everything on the page,Page blocked: code manually.
a99a1b6e-b999-4d08-8581-4c62e941a68b,The Campus Membership,Fitness & Wellness,https://www.thecampusqdl.com/en/membership/,OK,High,Suggested,Paid Subscription,"""€2500 PER YEAR"" full annual; ""€340 PER MONTH""; ""€70 PER DAY""; racket membership ""€990 PER YEAR"".",Cashback / Direct Discounts / Coupons; Family Benefits; Social / Transferable Benefits; Upgrades & Complimentary Offers,"""30% discount on private lessons and group coaching""; ""50% discount on tournaments""; ""Junior ... Kids Under 12"" pricing; ""1 x joint member can be added ... with 25% discount""; ""Free court rentals"".","Points, referral, ownership/resident category, community not mentioned",Whether QdL residents get a different price is not documented.
d561ed3c-a457-4dac-aa23-ec407b0b37ce,VivaGym Memberships,Fitness & Wellness,https://www.vivagym.com/pt-pt/quotas/,OK,Medium,Suggested,Paid Subscription,"Paid monthly plans ONE / FLEX / PRIME; ""Sem fidelização"" (no lock-in).",Social / Transferable Benefits; Personalisation; Cashback / Direct Discounts / Coupons,"""15 convites para treinares com um amigo"" (FLEX); ""Nutrição personalizada""; student ""2€ de desconto"".","Points, tiers by activity, referral reward not mentioned","Plans differ by club access, not by activity: not an earned tier."
3980e1a2-6a14-4f3b-8bee-1699ddb61e65,CorePower Yoga,Fitness & Wellness,https://www.corepoweryoga.com/content/buy,OK (partial),Medium,Suggested,Paid Subscription,"All Access Membership; At Home Membership ""$19.99/mo for the life of your membership"".",Cashback / Direct Discounts / Coupons,"""20% off"" for eligible groups (students, military, teachers, seniors, company partners).","Fee by studio, points, referral not mentioned",Free week trial with email/phone form: not coded as an enrolment route (paid programme).
a64fee5e-6cbc-4dae-b7ba-8749aba34505,Monte Rei Golf & Country Club,Golf,https://www.monte-rei.com/en/golf/,NO MEMBERSHIP INFO,Low,note only,,Not coded: URL is the golf course page.,,Not coded.,Everything,Find the membership page.
c1af95d5-8f3e-4779-ac67-3b2873a112df,GHA DISCOVERY,Hotels & Hospitality,https://www.ghadiscovery.com/,OK,Medium,Suggested,"Create Account (e.g. Card, App, automatic, etc); Accumulated by Spending (redeemable for spending); Spending at Brand/Partners - Temporary","Account: ""JOIN NOW - IT'S FREE!"" via website account or app. Points: ""receive up to 7% back in DISCOVERY Dollars (D$) to spend on your future getaways"". Tiers (Titanium) earned through eligible stays; threshold and reset not stated.","Cashback / Direct Discounts / Coupons; Upgrades & Complimentary Offers; Partner Benefits; Sweepstakes, Contests & Prize Draws","""Member Rates""; ""receive up to 7% back in D$""; ""free breakfast"" with Titanium; Club Avolta partnership; ""Win D$5,000 or Titanium for life — no stay required!"".","Tier thresholds, reset, referral not mentioned","Scavenger-hunt style contest coded as Sweepstakes, not Missions: check."
46ff6bec-a8f7-4de3-a1bc-2b897c9dfc29,MGM Rewards,Hotels & Hospitality,https://www.mgmresorts.com/en/mgm-rewards.html,BLOCKED,Low,note only,,Not coded: site blocks fetch.,,Not coded.,Everything,Code manually.
75fc0710-9f00-4ff4-8878-9ba9957c4d57,One Harmony,Hotels & Hospitality,https://www.nikko-narita.com/english/membership.html,OK,High,Suggested,"Create Account (e.g. Card, App, automatic, etc); Spending at Brand/Partners - Temporary; Accumulated by Spending (redeemable for spending)","Account: ""registration ... exclusively through our official online portal"". Tiers (Member, Loyal, Exclusive, Exclusive Plus): annual points or stays, ""status is valid for one year"". Points: ""3 points per 100 JPY"" stays, redeem for stay awards or room upgrades.",Cashback / Direct Discounts / Coupons; Upgrades & Complimentary Offers; Personalised Gifts; Convenience Benefits; Points Inflation,"""10% dining privilege""; room upgrades; ""Anniversary Dessert""; early check-in and complimentary parking; ""25%"" / ""50%"" bonus points by tier.","Fee, referral not mentioned",
be5d797a-a6a5-4a25-a8c9-20ade6c24435,Advantage Points,Golf,https://www.lisbonpackage.com/loyalty-card-program/,OK,Medium,Suggested,"Create Account (e.g. Card, App, automatic, etc); Accumulated by Spending (redeemable for spending)","Account: ""create a password to join the program"". Points: ""Each booking you make will earn you Advantage Points"", redeemed ""for future reservations"".",Personalisation; Cashback / Direct Discounts / Coupons; Partner Benefits,"""Personalized Service"" profile; ""Exclusive Savings""; ""Earn While You Play"" across golf packages, hotels, green fees, car rentals, transfers.","Tiers, fee not mentioned","It is a travel-package agency card (Lisbon Package), adjacent to Golf, not a golf venue."
979d6a1a-d222-4a38-85dd-3dc7e0ff26ac,SoulCycle,Fitness & Wellness,https://www.soul-cycle.com/series/,THIN,Low,note only,Paid Subscription,"""Soul Renew ... automatically refills your classes monthly"" (monthly plan); class packs.",Service Exclusivity & Priority Access,"SuperSoul: ""reserve classes in advance of sign-ups. Includes full concierge service and priority on waitlists"".","Tiers, points, referral details not mentioned",A 'Refer a Friend' link exists but its terms are not on the page: Referral not coded.
54fd095b-3892-47d2-963e-a588de504331,GoTo Pass,Hotels & Hospitality,https://gotopass.jp/en/membership-benefits,OK (Japan residents),High,Suggested,"Create Account (e.g. Card, App, automatic, etc); Spending at Brand/Partners - Temporary; Accumulated by Spending (redeemable for spending)","Account: registration via website or app. Tiers: Gold ""at least 400 base points"", Platinum ""at least 1,500"", based on points ""from January through December"" (resets yearly). Points on bookings with Iconia Hospitality.",Cashback / Direct Discounts / Coupons; Convenience Benefits; Points Inflation,5% off at restaurants/shops; Platinum early check-in; bonus points for Gold/Platinum.,"Fee, referral not mentioned",Registration only for residents of Japan.
2bd2cd76-9fd6-4e92-8415-fdf5e692d4ff,PlatinumClubNet,Golf,https://www.platinumclubnet.com/,OK (partial),Medium,Suggested,,"No scorecard mechanism documented: access is for ""registered Platinum Clubs and their members"".",Partner Benefits; Service Exclusivity & Priority Access; AI-Powered Benefits; Community & Networking; Experiential Exclusivity,"""Direct booking at over 400 private golf courses""; ""White-glove service""; ""AI-enhanced recommendation engine""; networking; ""Request access to the top 1% of private clubs"".","Fees, tiers, points not mentioned",Access through belonging to a member club is not 'ownership of an asset': Access by Ownership not coded; decide.
b4e8c046-7775-417a-b31a-d6706642aa73,Troon Privé (Private Club Golf),Golf,https://troon.com/member-programs/private-club-golf,OK (partial),Low,note only,,Fee and enrolment not on page.,Partner Benefits; Social / Transferable Benefits; Cashback / Direct Discounts / Coupons,"""play at other private clubs in the portfolio at a preferred Troon Privé Member rate""; ""bring up to three guests"".","Fee, joining route, tiers not mentioned",Reciprocal play inside the owner's own portfolio.
0651490c-baf2-4fa0-b890-1de7aeee416f,Marriott Bonvoy,Hotels & Hospitality,https://www.marriott.com/loyalty.mi,OK,High,Suggested,"Create Account (e.g. Card, App, automatic, etc); Spending at Brand/Partners - Temporary; Accumulated by Spending (redeemable for spending)","Account: ""Join Now"" via website or app. Tiers by nights per year (Silver 10, Gold 25, Platinum 50, Titanium 75, Ambassador 100+ with $23,000 spend), annual. Points on stays, partners, credit card; redeem for nights, flights, dining, golf, spa.",Convenience Benefits; Upgrades & Complimentary Offers; Partner Benefits; Points Inflation,"""Free in-room Wi-Fi"", ""Mobile check-in"", late checkout; room upgrades and ""Welcome Gift Choice""; airline, tours partners; bonus point multipliers by tier.","Fee, referral not mentioned","'Ambassador Elite' is a tier name, not the Ambassador mechanism: not coded."
0271c88b-177c-44ac-aa2b-dbd164b764d3,Amendoeira Golf Resort Membership,Golf,https://www.amendoeiraresort.com/en/golf/,OK (thin),Medium,Suggested,Paid Subscription,"""Become a golf member ... via subscription""; 3-month option. Fees from Hub tiers (EUR 1,190 / 3,820).",Service Exclusivity & Priority Access; Cashback / Direct Discounts / Coupons,"""exclusive discounts, priority tee-time bookings, special privileges"".","Fees, tiers, points not on page",
adea9721-c44c-4d39-b9e9-0d68bc4f3b1d,SANA Card,Hotels & Hospitality,https://www.sanahotels.com/pt/negocios/sana-card/,OK,Medium,Suggested,"Create Account (e.g. Card, App, automatic, etc)","Card: ""complete adhesion form""; digital card emailed with a corporate code for bookings.",Cashback / Direct Discounts / Coupons; Service Exclusivity & Priority Access; Convenience Benefits,"""15% sobre a Melhor Tarifa disponível""; ""10% de desconto"" restaurants/bars/SPAs; ""VIP treatment at arrival""; early check-in/late checkout, ""Free internet"", parking.","Tiers, points, fee not mentioned",Page sits under /negocios/ (business): this looks like a corporate/B2B card. Check before including in the consumer sample.
fe108e8b-4d50-4eda-aea3-eeac32a7ac9a,I Prefer Hotel Rewards,Hotels & Hospitality,https://iprefer.com/,OK (partial),Medium,Suggested,"Create Account (e.g. Card, App, automatic, etc); Accumulated by Spending (redeemable for spending)","Account: ""JOIN FOR FREE"", app. Points: ""Points for Free Nights"" redeemable rewards.",Points Inflation; Cashback / Direct Discounts / Coupons; Upgrades & Complimentary Offers,"""Earn 2x base points on stays""; ""exclusive rates""; ""Upgrades and Amenities"".","Tiers, reset, referral not on page",
a2d31294-6366-4efc-ae4f-f83737f76200,GSV Coaching Packages,Golf,https://www.golfstudio.pt/blog/new-coaching-packages-at-golf-studio-vilamoura,NOT A LOYALTY PROGRAMME,Low,note only,,"Prepaid coaching packages (5 lessons EUR 370, 10 lessons EUR 680).",,Not coded.,Not a loyalty programme,"Exclusion candidate: a product price list, not a membership/loyalty scheme."
3a0a3a78-ebcc-46fe-813c-a602a9a4e10b,Club Peloton,Fitness & Wellness,https://www.onepeloton.com/blog/what-is-club-peloton,OK,Medium,Suggested,Paid Subscription; Missions/Gamification,"Automatic for paid members (""new members start at Bronze I""). Progression by points from ""workout days"", streaks, milestones, ""10 points for certain Challenges""; ""Points won't expire as long as you're a Member""; redemption not mentioned.",Cashback / Direct Discounts / Coupons; Partner Benefits,"Level badges; ""special discounts, offers with Peloton's partners, and more surprises"".","Fee, referral not mentioned","Tiers are by activity points that are not redeemable: coded Missions/Gamification, not a spending tier."
23d8ef73-510c-405c-b2dd-b10703e19e8b,Sonesta Travel Pass,Hotels & Hospitality,https://newsroom.sonesta.com/loyalty/,THIN,Low,note only,Accumulated by Spending (redeemable for spending),"""free nights"" redeemable; earning rule not on page.",Partner Benefits; Cashback / Direct Discounts / Coupons,"""preferred rates""; Viator partnership ""400,000+ travel experiences"".","Tiers, earning, fee",
bf8411d1-8313-4ac3-8d9a-e4abe1f2f3b1,The Academy Barry's,Fitness & Wellness,https://loyalty.barrys.com/,EMPTY PAGE,Low,note only,,Not coded.,,Not coded.,Everything,Find the programme page.
e6198c97-a63e-463f-90c6-065e7b4187d6,Orangetheory Rewards,Fitness & Wellness,https://www.orangetheory.com/en-us/memberships,WRONG PAGE,Low,note only,Paid Subscription,"Monthly plans: Premier ""Unlimited Classes"", Elite ""8 Classes Monthly"", Basic ""4 Classes Monthly"".",Convenience Benefits,"""Mobile App to Book Classes""; ""Month-to-Month Contract""; ""Freeze Privileges Max 60 Days"".",Rewards scheme not on this page,"URL is the memberships page, no rewards information. Find the Rewards programme page."
dd17cb3e-12e3-4b56-a573-f5b4711f57cc,Radisson Rewards,Hotels & Hospitality,https://www.radissonhotels.com/pt-br/rewards,BLOCKED (403),Low,note only,,Not coded.,,Not coded.,Everything,Code manually.
06f428aa-604f-4e6c-9d3f-1271d9e7b7b1,Best Western Rewards,Hotels & Hospitality,https://www.bestwestern.pt/best-western-rewards,BLOCKED (403),Low,note only,,Not coded.,,Not coded.,Everything,Code manually.
c4acea3f-e5ef-454d-bca2-20239ed9eac3,Choice Privileges,Hotels & Hospitality,https://www.choicehotels.com/en-uk/choice-privileges/account/enroll,TIMEOUT,Low,note only,,Not coded.,,Not coded.,Everything,Retry or code manually.
d91c12f9-c8d8-41b8-b06a-435ac3cf3160,Minor DISCOVERY,Hotels & Hospitality,https://www.minorhotels.com/pt/loyalty,OK,High,Suggested,"Create Account (e.g. Card, App, automatic, etc); Spending at Brand/Partners - Temporary; Accumulated by Spending (redeemable for spending)","Account: registration (""Adira já""). Tiers: Gold ""2 nights or $1,000/year"", Platinum 10 nights or $5,000, Titanium 30 nights or $15,000; ""status ... permanece em vigor até dezembro do ano civil seguinte"". Points: 4-7% back as DISCOVERY Dollars, ""1 D$ = 1 USD"".",Cashback / Direct Discounts / Coupons; Convenience Benefits; Upgrades & Complimentary Offers; Experiential Exclusivity,"""Descontos para membros até 10%""; WiFi; late checkout, early check-in; room upgrades, breakfast; ""exclusive local experiences"".","Referral, missions not mentioned",Tier basis is nights OR spend (annual).
7ef6f885-5fb1-4eaf-91e0-b99784b5b4aa,Shangri-La Circle,Hotels & Hospitality,https://www.shangri-la.com/corporate/shangrilacircle/,OK,Medium,Suggested,"Create Account (e.g. Card, App, automatic, etc); Accumulated by Spending (redeemable for spending)","Account: ""Join Now"" / ""Sign in"". Points: ""Earn Points on your next meal, vacation or celebration""; ""Use your Points for free room nights, dining experiences, spa treatments"". Four tiers (Gold, Jade, Diamond, Polaris), qualification not on the page.",Points Inflation; Upgrades & Complimentary Offers; Service Exclusivity & Priority Access; Experiential Exclusivity; Family Benefits; Cashback / Direct Discounts / Coupons,"""Enjoy 25% more Points; complimentary daily breakfast""; ""priority waitlist""; ""Club Lounge access""; ""Share privileges with family""; ""member exclusive offers"".","Tier thresholds, reset, referral not mentioned",Tier mechanism not coded because the page does not say how tiers are earned.
a32d9ed4-837b-45f0-a2ba-f47680c8af0f,Omni Select Guest,Hotels & Hospitality,https://www.omnihotels.com/loyalty,BLOCKED (403),Low,note only,,Not coded.,,Not coded.,Everything,Code manually.
832b51cc-eac6-4022-8072-de66081f412d,Loews YouFirst,Hotels & Hospitality,https://katiegoesthere.com/loews-hotels-loyalty-program-youfirst-rewards/,PROGRAMME ENDED,Low,note only,,"Not coded: third-party blog says ""terminated as of December 6, 2018"".",,Not coded.,Everything,"Exclusion candidate: programme no longer active, source is a blog (grade C)."
306ea95c-0944-4f30-a7bf-133c8a5fa190,F45 Play,Fitness & Wellness,https://f45training.com/f45-fit-rewards/,OK,Medium,Suggested,"Create Account (e.g. Card, App, automatic, etc); Accumulated by Actions (redeemable for spending); Missions/Gamification","App: ""Download F45 app"". Points for actions: ""In-Studio Class +200 pts"", ""At-Home Workout +100 pts"", ""Challenge Registration +500 pts""; redeemed for ""exclusive rewards and offers from our trusted partners"". Challenges: ""Attend 3+ classes per week to unlock escalating bonus points"".","Partner Benefits; Sweepstakes, Contests & Prize Draws; Cashback / Direct Discounts / Coupons","Partner discounts (GNC, Red Bull, HyperIce, Sunlighten); ""exclusive raffles"".","Fee, tiers, referral not mentioned","Points are redeemed for partner offers, not directly for spending: confirm Accumulated by Actions."
899953fc-fa06-4e69-be93-48b3b83f4f1c,Clube de Fidelização,Hotels & Hospitality,https://www.vilagale.com/pt-pt/clube-de-fidelizacao/,OK,High,Suggested,"Create Account (e.g. Card, App, automatic, etc); Spending at Brand/Partners - Temporary","Account: ""ADIRA JÁ"", ""Não há custos, nem cartões físicos"". Tier: ""Complete 10 noites em 12 meses como membro Star"" to reach Premium.",Cashback / Direct Discounts / Coupons; Service Exclusivity & Priority Access; Convenience Benefits; Upgrades & Complimentary Offers,"Star ""10% de desconto"" (stays, wines, restaurants, spa); Premium ""Desconto direto de 15%""; ""Acesso exclusivo a campanhas privadas"", ""priority reservations""; early check-in / extended check-out until 3 PM; ""Uma garrafa de água no quarto"".","Points, fee, referral not mentioned",Vila Galé (Portugal): useful local benchmark.
09aad811-06ab-4487-b488-55976f84fe51,David Lloyd,Fitness & Wellness,https://www.davidlloyd.co.uk/memberships/,OK,High,Suggested,Paid Subscription,"Paid memberships Platinum / Club Plus / Club; ""Standard 12-month or Flexible 3-month"".",Social / Transferable Benefits; Family Benefits; Cashback / Direct Discounts / Coupons; Experiential Exclusivity,"""Monthly guest pass"" (Platinum); family and children options; ""10% discount in Bar & Restaurant""; ""Access to luxury Spa Retreats"".","Points, tiers by activity, referral not mentioned",
15ebef7f-2a05-44e3-816f-8971db6d4d1f,Nuffield Health,Fitness & Wellness,https://www.nuffieldhealth.com/gyms/membership,OK,Medium,Suggested,Paid Subscription,"""12-month commitment"" or ""1-month rolling"" memberships; price varies by gym.",Cashback / Direct Discounts / Coupons; Family Benefits,"""Discounts on physiotherapy (20%), health assessments (20%)""; ""Family add-ons from £6 per child""; joint membership discount.","Points, tiers by activity, referral not mentioned",
c881d876-dc35-4d9d-98ee-1a449299ec1b,Bannatyne,Fitness & Wellness,https://www.bannatyne.co.uk/health-club/membership,OK (partial),Medium,Suggested,Paid Subscription,"Paid membership; ""Membership of a club allows you to use any club in a lower or equal cost tier"".",Upgrades & Complimentary Offers; Partner Benefits,"""Complimentary fitness evaluations when you join""; ""Exclusive"" partner discounts (Hello Fresh, Nike, Gymshark).","Fee, points, referral not mentioned",
c1172778-446f-455e-a605-d2d200e1fe75,Annual Passholder,Leisure & Entertainment,https://www.disneyworld.eu/passholder-program/,TIMEOUT,Low,note only,,Not coded.,,Not coded.,Everything,Retry or code manually.
e3f1ea09-c7bf-4ba4-9cf2-9da3e722e25d,Disney Vacation Club,Hotels & Hospitality,https://disneyvacationclub.disney.go.com/explore-membership,OK,High,Suggested,Access by Ownership,"""Purchase a real estate interest from DVC, represented by Vacation Points""; access to member lounges, events and discounts follows ownership.",Experiential Exclusivity; Cashback / Direct Discounts / Coupons; Flexibility & Credit; Partner Benefits,"""Member-only events"" and lounges; ""hundreds of discounts available to DVC Members""; unused points ""roll to subsequent years""; access to DVC resorts, Disney Cruise Line, Adventures by Disney.","Referral, missions not mentioned",Clear Access by Ownership case (timeshare-type).
d15e2b0d-7c9a-481d-8a0a-26204475ee17,Epic Pass,Leisure & Entertainment,https://www.epicpass.com/,OK,High,Suggested,Paid Subscription,"Pass products: Epic Pass, Epic Local Pass, day passes, regional and specialty passes; priced per pass.",Cashback / Direct Discounts / Coupons; Social / Transferable Benefits; Convenience Benefits,"""20% off food, lodging, group lessons and more"" (Epic Mountain Rewards); ""Epic Friend Tickets: share up to 50% off Lift Tickets with friends & family""; ""Mobile Pass"" hands-free lift access.","Points, referral, early access not mentioned",Seasonal pass = Paid Subscription (no spend or frequency threshold).
f9d1131c-b2ff-4887-a1d5-5ae9eccc1b27,KemperCollection,Golf,https://www.kempersports.com/kempercollection/,OK (thin),Low,note only,,"Eligibility: ""Exclusively available to current members of KemperSports-managed private clubs""; no scorecard mechanism on page.",Partner Benefits; Social / Transferable Benefits,"""Play at award-winning golf clubs and resorts"" (reciprocal portfolio access); ""Bring Your Guests"" up to three per visit.","Fee, tiers, points",Same shape as Troon Privé and PlatinumClubNet: access through a club membership.
80d75e81-ff7b-4aa5-8285-8c605ef4aaaa,ALL Accor,Hotels & Hospitality,https://all.accor.com/loyalty-program/earn/stay/index.pt.shtml,OK,Medium,Suggested,"Create Account (e.g. Card, App, automatic, etc); Accumulated by Spending (redeemable for spending); Spending at Brand/Partners - Temporary","Account: ""Tornar-se membro"". Points: Reward points per €10 spent, ""2000 pontos Reward = 40 €"". Six status levels; qualification and reset not on this page (Hub: points thresholds).",Cashback / Direct Discounts / Coupons; Points Inflation,"Discounts at 3,000+ hotels; points per €10 scale from ""25"" (Classic) to ""50"" (Diamond/Limitless).","Referral, missions not mentioned",Tier criteria taken from Hub (points); verify reset period.
9849c01b-694d-4265-afb4-4bc0cef1bad2,TIFF Membership,Leisure & Entertainment,https://tiff.net/membership,BLOCKED (403),Low,note only,,Not coded.,,Not coded.,Everything,Code manually.
97fffb96-c0a0-48c2-a83c-db93fb87938b,Ikon Pass,Leisure & Entertainment,https://www.ikonpass.com/,OK,High,Suggested,Paid Subscription,"Passes bought directly: Session, Base and full Ikon Pass, USD 319 to 1,449.",Social / Transferable Benefits; Cashback / Direct Discounts / Coupons; Early Access,"""25% OFF FRIENDS & FAMILY""; ""UP TO 15% OFF FOOD & RETAIL""; ""FIRST TRACKS"" early mountain access.","Points, referral not mentioned",Page mentions an ambassador programme without detail: Ambassador not coded.
c017b7a9-f5c8-4f7d-a620-e931072fb6a3,XLife - Invited Clubs,Leisure & Entertainment,https://www.invitedclubs.com/coles-test-home-page/coles-test-empty-page,OK (test URL),Medium,Suggested,Paid Subscription,"Online application per tier; ""$500 Initiation Fee""; dues tiers (Base, XLife City, XLife Dine, City & Dine).",Experiential Exclusivity; Cashback / Direct Discounts / Coupons; Early Access; Upgrades & Complimentary Offers,"""Access to clubhouse workspaces. Meeting facilities. Dining access.""; ""50% off dinner + 25% off lunch at City Club LA""; ""30-day advance travel bookings""; ""12 rounds of golf/year"" included.","Points, referral, ownership not mentioned",Hub URL is a test page (coles-test-empty-page): replace with the real membership URL.
82e50b11-f4c4-44af-a8fa-2e4251f59316,Zero Bond,Food & Beverage,https://zerobondny.com/apply-for-membership/,OK,High,Suggested,Paid Subscription; Invite,"Dues + initiation fees by age band (30 and under, General 30-45, Over 45). ""Global Lifetime Memberships are available by invitation only"".",Experiential Exclusivity; Service Exclusivity & Priority Access; Partner Benefits,"""Cultural Member Events""; ""Priority Reservations"" at BOND restaurants; ""Preferred Rates at our partner hotels"".","Points, referral not mentioned","Tiers are by age, not by activity."
cd40a05a-c897-4baa-8e64-a83339c08bc6,The Supper Club,Food & Beverage,https://www.helmclub.co/,WRONG PAGE,Low,note only,,"Not coded: the URL (helmclub.co) is Helm, a founders' forum, not The Supper Club.",,Not coded.,Everything,DATA ERROR: check the programme name vs URL.
155c6e83-9818-4f8b-a574-cca87e048697,Les Bordes Golf Club,Golf,https://www.lesbordesgolfclub.com/club/membership/,OK (partial),Medium,Suggested,Invite,"""invitation-only process with the proposal and support of existing Members"".",,No benefits on the page.,"Fees, benefits, points","Estate residence owners are classed as Overseas members: possible Access by Ownership, not confirmed."
ba80d026-c4f2-42a6-80da-8d05c8737f2a,Queenwood Golf Club,Golf,https://en.wikipedia.org/wiki/Queenwood_Golf_Club,NO OFFICIAL SOURCE,Low,note only,,Not coded: Hub URL is Wikipedia.,,Not coded.,Everything,Replace the source with the club's own page.
0567926d-f811-46e6-a91a-3a0952f7aacd,Carte Fidélité Golf,Golf,https://leclub-golf.com/en/carte-fidelite-golf,OK,High,Suggested,Paid Subscription; Accumulated by Spending (redeemable for spending),"Gold Card ""€59"", International Gold Pack ""€99"", bought directly. Points: earned ""on all my spending in the network's golf courses and in certain partner hotels and restaurants""; ""Earn vouchers"".",Cashback / Direct Discounts / Coupons; Partner Benefits,"""30 to 50% discount on green fees""; ""Over 800 courses worldwide""; partner hotels and restaurants.","Tiers by activity, referral not mentioned",
8dbb77c1-f461-476f-a537-d818ca38fc92,Yellowstone Club,Leisure & Entertainment,https://yellowstoneclub.com/,OK,High,Suggested,Access by Ownership,"""Property ownership required"": Custom Residences, Multi-Family homes, Homesites, Ranches.",Experiential Exclusivity; Community & Networking,"Private skiing, golf course, ""Community gathering spaces"", wellness and dining.","Fees, join route not mentioned",Hub says Invitation only; the page does not mention it.
fea78e29-0f79-4d81-aa6b-ccb380187d42,"Neera (Al Habtoor City, Dubai)",Food & Beverage,https://neeradubai.com/,OK (partial),Medium,Suggested,Invite; Paid Subscription,"""By Invitation"" in the header and ""Apply for membership"". Fees EUR 7,500 joining + 15,750 annual come from the Hub, not the page.",Partner Benefits; Service Exclusivity & Priority Access; Experiential Exclusivity,"""Over 60 reciprocal clubs worldwide""; ""Preferred hotel rates, lifestyle partners""; ""Dedicated concierge""; ""Intimate dinners and networking events"".","Fees, points not on page",Is 'By Invitation' the Invite mechanism or just exclusivity wording?
da4b663c-29d7-42c8-b098-4a89b5b20967,Capital Club Dubai,Food & Beverage,https://capitalclubdubai.com/membership/,OK,Medium,Suggested,Paid Subscription,"""Pre-qualification form"" then review by the Membership Team; fees from Hub.",Experiential Exclusivity; Community & Networking; Partner Benefits,"""Curated Business Experiences""; networking and introductions; golf course and spa access; ""Access to over 350 reciprocal & international associated clubs"".","Fees, points not on page","Hub says access = Invitation only, the page says pre-qualification form: Invite not coded."
15c1ae0e-1725-4e33-abbe-c8e93df51ecb,Rotana DISCOVERY,Hotels & Hospitality,https://www.rotana.com/rotanadiscovery,OK,High,Suggested,"Create Account (e.g. Card, App, automatic, etc); Spending at Brand/Partners - Temporary; Accumulated by Spending (redeemable for spending)","Account: ""Join Now For Free"" with a GHA DISCOVERY account. Tiers: Gold ""2 times or spend USD 1,000"", Platinum ""10 Nights, spending USD 5,000 or staying at 2 Brands"", Titanium 30 nights / USD 15,000 / 3 brands. Points: ""earn D$ on every eligible stay"".",Cashback / Direct Discounts / Coupons; Upgrades & Complimentary Offers; Convenience Benefits; Partner Benefits,"""10% exclusive savings""; ""room upgrades, early check-in, and late check-out""; ""free cancellation""; ""access to 950+ Global Hotel Alliance properties"".","Reset, referral not mentioned",Same scheme as GHA DISCOVERY and Minor DISCOVERY.
8c934cb4-2ec6-4df6-9c79-a3cf6c35fce1,Nespresso & You,Food & Beverage,https://www.nespresso.com/pt/en/beneficios#!/free-delivery,NO PROGRAMME INFO,Low,note only,,Not coded: page content is only a header.,,Not coded.,Everything,"Tier named 'Ambassador' (Hub): a tier name, not the Ambassador mechanism."
055bb844-f743-4766-aee3-45929372fe21,My Bene-FIT,Fitness & Wellness,https://www.holmesplace.gr/en/my-benefit-rewards-program,OK,Medium,Suggested,Accumulated by Spending (redeemable for spending); Accumulated by Actions (redeemable for spending); Spending at Brand/Partners - Temporary,"Sign up at the club reception. Points: ""5 points for every €1 spent"" and ""20 points for every workout""; tiers Silver 1,000-1,999, Gold 2,000-3,999, Platinum 4,000+ points; redeem ""for exclusive privileges, gifts, and services"".",Cashback / Direct Discounts / Coupons; Upgrades & Complimentary Offers; Social / Transferable Benefits; Service Exclusivity & Priority Access,"Discounts on spa, training, restaurant; complimentary sessions; guest passes; priority event access.",Reset period not mentioned,Sign-up at reception is not one of the three enrolment routes.
e8dda43e-1b9c-4a84-bbc1-9db472dffe2e,Eligo Club,Golf,https://www.eligoclub.com/,OK (thin),Low,note only,Paid Subscription,"Annual dues USD 3,200 + joining fee USD 1,500 are from Hub tiers; the page has no fees.",Partner Benefits; Social / Transferable Benefits; Experiential Exclusivity,"""playing privileges at all of the courses within Eligo"" (100+ courses); play ""as overseas guests""; member events via the app.","Fees, join route, tiers",Reciprocal network: same shape as Troon Privé / PlatinumClubNet.
81edf2ae-6e3d-49bf-9e1c-f126641b62ae,Hilton Honors,Hotels & Hospitality,https://asiapac.hilton.com/eatanddrink/en/likeamember,EMPTY PAGE,Low,note only,,"Not coded: the page only has a title (it is a Hilton dining page, not the programme page).",,Not coded.,Everything,Replace with hilton.com/en/hilton-honors.
